CustomerID,Age,Gender,Location,MembershipLevel,TotalPurchases,TotalSpent,FavoriteCategory,Occupation,WebsiteVisits,Churn,LastPurchaseDate
86667,49,Female,Shenzhen,Bronze,25,1239.3,Home Goods,Unemployed,13,1,2023/8/29
86533,21,Male,Guangzhou,Gold,95,13337.98,Clothing,Student,21,0,2023/9/20
85972,24,Female,Hangzhou,Bronze,58,6727.3,Clothing,Student,6,0,2023/9/7
86227,64,Male,Chongqing,Bronze,14,512.08,Electronics,Professional,12,0,2023/2/1
86346,23,Male,Chongqing,Bronze,14,469.5,Electronics,Professional,24,1,2023/10/27
86645,32,Male,Wuhan,Silver,13,669.69,Sports,Professional,7,0,2023/11/19
85701,65,Female,Beijing,Gold,79,22712.63,Clothing,Professional,5,1,2023/11/12
85905,38,Female,Wuhan,Bronze,19,1353.44,Clothing,Professional,10,0,2023/7/16
85980,45,Male,Shenzhen,Bronze,9,450.63,Electronics,Professional,10,1,2023/7/16
86380,25,Female,Shenzhen,Gold,96,18004.03,Clothing,Unemployed,14,0,2023/9/4
86170,42,Female,Shanghai,Silver,50,,Clothing,Self-Employed,8,0,2023/12/21
86232,36,Male,Hangzhou,Gold,17,1427.95,Sports,Professional,12,1,2023/10/31
86458,28,Female,Chengdu,Bronze,33,5027.68,Home Goods,Self-Employed,10,0,2023/12/21
85913,20,Male,Chengdu,Gold,37,2754.68,Electronics,Student,5,1,2024/1/1
86252,23,Male,Chengdu,Silver,14,536.52,Books,Self-Employed,7,1,2023/11/30
85729,32,Female,Chongqing,Silver,25,3124.94,Home Goods,Unemployed,14,1,2023/10/27
86580,59,Male,Chengdu,Bronze,18,645.73,Electronics,Professional,11,1,2023/11/13
85849,47,Female,Hangzhou,Silver,40,3802.8,Electronics,Self-Employed,3,1,2023/11/5
85688,23,Female,Guangzhou,Gold,97,22822.98,Books,Self-Employed,29,0,2023/10/31
85751,31,Female,Hangzhou,Gold,41,3561.19,Home Goods,Professional,9,0,2023/10/15
85705,42,Female,Wuhan,Silver,46,3842.98,Books,Professional,6,0,2023/10/6
86155,59,Male,Hangzhou,Bronze,10,440.58,Clothing,Unemployed,7,1,2023/2/4
85984,39,Female,Wuhan,Bronze,23,1854.61,Sports,Unemployed,2,1,2023/9/2
85985,40,Female,Shenzhen,Silver,42,5119.77,Home Goods,Self-Employed,9,0,2023/9/4
86557,18,Female,Guangzhou,Silver,87,35488.83,Home Goods,Self-Employed,18,1,2023/8/27
86462,27,Male,Chengdu,Silver,26,2751.18,Electronics,Self-Employed,29,0,2023/7/2
85719,53,Male,Guangzhou,Silver,38,1680.13,Electronics,Unemployed,4,0,2023/10/6
85777,45,Female,Shanghai,Platinum,93,17380.37,Electronics,Self-Employed,9,1,2023/3/30
86434,26,Female,Shenzhen,Silver,52,7977.06,Clothing,Self-Employed,16,0,2023/8/21
85675,23,Female,Guangzhou,Silver,138,45010.34,Home Goods,Unemployed,14,1,2023/12/29
86497,30,Female,Wuhan,Gold,52,10667.59,Sports,Student,15,1,2023/2/1
86384,19,Female,Shenzhen,Silver,67,5678.89,Clothing,Self-Employed,24,0,2023/8/19
86288,27,Male,Shanghai,Silver,60,8543.54,Clothing,Self-Employed,5,0,2023/12/10
86464,29,Female,Chengdu,Silver,59,7074.14,Home Goods,Unemployed,6,0,2023/7/1
86082,34,Male,Beijing,Platinum,34,5346.23,Clothing,Professional,9,0,2023/11/13
86410,64,Male,Beijing,Gold,43,5958.68,Home Goods,Professional,10,0,2023/11/10
86631,65,Female,Beijing,Platinum,99,19138.68,Home Goods,Professional,11,0,2023/1/26
86040,28,Male,Guangzhou,Platinum,117,25483,Books,Self-Employed,15,1,2023/1/19
86592,42,Female,Guangzhou,Silver,92,10071.65,Books,Self-Employed,9,1,2023/11/15
85941,18,Male,Guangzhou,Platinum,38,10978.83,Home Goods,Professional,10,0,2023/10/22
85904,33,Male,Shenzhen,Gold,16,611.75,Clothing,Professional,6,0,2023/11/5
86670,32,Female,Chongqing,Bronze,27,1086.13,Home Goods,Student,24,0,2023/1/8
86309,19,Male,Shenzhen,Gold,,2314.34,Sports,Self-Employed,18,1,2023/12/12
86372,35,Female,Beijing,Silver,49,4257.33,Electronics,Professional,13,1,2023/10/27
85925,24,Female,Chongqing,Bronze,49,7169.4,Home Goods,Professional,25,1,2023/12/31
86457,50,Female,Wuhan,Gold,39,4718.38,Books,Self-Employed,3,1,2023/9/25
86493,34,Female,Shanghai,Gold,88,25735.15,Clothing,Self-Employed,19,0,2023/9/12
85815,36,Female,Chongqing,Gold,58,,Clothing,Self-Employed,6,1,2023/12/16
85990,24,Female,Shanghai,Gold,165,44263.88,Books,Professional,10,1,2023/12/12
86261,34,Male,Hangzhou,Gold,24,1948.55,Sports,Professional,29,1,2023/3/24
86005,45,Male,Guangzhou,Silver,22,2277.53,Home Goods,Unemployed,5,0,2023/11/12
85969,63,Female,Beijing,Platinum,113,34531.54,Clothing,Self-Employed,6,1,2023/12/16
85936,31,Male,Guangzhou,Silver,16,1613.32,Electronics,Unemployed,27,0,2023/12/4
86106,50,Male,Shenzhen,Silver,8,523.78,Electronics,Unemployed,7,1,2023/10/3
86536,27,Female,Chengdu,Gold,59,6550.91,Electronics,Student,18,1,2023/12/14
86256,61,Male,Guangzhou,Gold,21,3062.04,Books,Student,3,0,2023/8/3
85946,31,Female,Guangzhou,Platinum,113,38251.86,Sports,Unemployed,18,0,2023/9/10
85944,44,Female,Chongqing,Bronze,23,,Clothing,Self-Employed,11,1,2023/11/13
86661,31,Male,Shanghai,Silver,22,2761.45,Home Goods,Student,11,1,2023/10/6
85993,49,Female,Hangzhou,Gold,52,6882.03,Home Goods,Professional,7,1,2023/8/28
86243,34,Female,Beijing,Gold,66,20111.25,Clothing,Student,26,1,2023/12/13
86317,22,Female,Guangzhou,Platinum,160,47008.53,Home Goods,Unemployed,28,1,2023/7/26
85816,64,Female,Guangzhou,Platinum,86,20568.73,Electronics,Professional,1,0,2023/10/24
85876,21,Male,Shanghai,Platinum,43,6987.49,Home Goods,Self-Employed,25,1,2023/12/9
86087,37,Female,Hangzhou,Silver,39,3333.47,Electronics,Student,11,0,2023/9/9
85870,41,Male,Shenzhen,Gold,24,1380.61,Home Goods,Self-Employed,7,0,2023/10/24
85938,22,Female,Wuhan,Bronze,31,3839.28,Books,Self-Employed,15,0,2023/11/7
86205,20,Male,Shenzhen,Gold,28,3147.77,Clothing,Unemployed,22,1,2023/9/6
85926,29,Male,Chongqing,Gold,45,3937.88,Sports,Professional,7,0,2023/7/21
86250,29,Female,Shanghai,Silver,81,20614.29,Electronics,Self-Employed,16,1,2023/11/2
86412,27,Male,Guangzhou,Platinum,40,9728.11,Home Goods,Professional,21,0,2023/10/1
85973,24,Female,Shenzhen,Silver,47,5687.64,Electronics,Self-Employed,25,0,2023/10/8
86414,28,Female,Shenzhen,Gold,67,16804.32,Clothing,Professional,22,0,2023/11/25
85921,23,Male,Beijing,Gold,90,14566.66,Sports,Professional,15,1,2023/9/13
86600,23,Male,Hangzhou,Gold,20,2600.68,Clothing,Unemployed,22,0,2023/4/17
86086,22,Male,Beijing,Platinum,40,7616.69,Electronics,Unemployed,30,0,2023/10/15
86063,57,Male,Chengdu,Gold,29,2133.49,Electronics,Professional,14,1,2023/9/14
86470,37,Female,Wuhan,Silver,43,4101.13,Books,Student,11,1,2023/12/29
86275,43,Male,Chongqing,Bronze,13,424.18,Books,Professional,3,1,2023/11/16
86328,41,Female,Shenzhen,Gold,52,5501.03,Clothing,Student,4,0,2023/11/28
85935,21,Male,Shenzhen,Gold,13,1138.36,Clothing,Professional,13,1,2023/12/5
86130,67,Male,Shanghai,Platinum,39,6074.82,Electronics,Professional,15,0,2023/9/28
86060,46,Female,Beijing,Silver,81,,Home Goods,Student,15,1,2023/7/25
86656,41,Male,Wuhan,Gold,20,1219.34,Home Goods,Unemployed,9,1,2023/11/28
86583,30,Female,Hangzhou,Silver,42,7557.76,Home Goods,Professional,26,0,2023/1/5
86367,41,Male,Beijing,Silver,25,2715.72,Electronics,Unemployed,3,0,2023/12/25
85910,25,Male,Shenzhen,Silver,29,1958.51,Books,Self-Employed,26,0,2023/11/15
86175,39,Female,Wuhan,Silver,40,4785.48,Sports,Unemployed,14,0,2023/10/30
86171,29,Female,Chongqing,Bronze,51,7476.06,Clothing,Self-Employed,11,1,2023/10/10
86548,24,Female,Shenzhen,Bronze,46,7297.49,Clothing,Self-Employed,25,1,2023/8/7
86126,24,Female,Guangzhou,Platinum,163,45508.02,Clothing,Self-Employed,19,1,2023/12/11
86168,34,Female,Beijing,Silver,67,16034.76,Clothing,Professional,5,1,2023/11/1
86597,22,Female,Beijing,Gold,163,53979.72,Clothing,Self-Employed,26,1,2023/10/1
85953,55,Female,Shanghai,Platinum,133,31009.43,Clothing,Student,8,1,2023/11/11
86312,34,Male,Wuhan,Bronze,14,658.12,Electronics,Professional,20,1,2023/8/5
86159,18,Female,Chongqing,Silver,42,4853.48,Electronics,Self-Employed,13,1,2023/9/5
86242,23,Male,Shanghai,Silver,68,7696.24,Electronics,Professional,16,1,2023/11/14
85782,45,Male,Beijing,Platinum,59,4171.06,Sports,Student,8,0,2023/7/24
86041,48,Female,Hangzhou,Silver,26,3438.82,Books,Student,4,1,2023/7/28
86318,31,Male,Chengdu,Bronze,7,222.43,Electronics,Professional,14,1,2023/9/29
86459,34,Male,Chongqing,Gold,18,1454.13,Sports,Professional,28,0,2023/7/23
86547,19,Female,Hangzhou,Bronze,44,6058.62,Clothing,Student,15,0,2023/12/27
85739,31,Male,Shenzhen,Gold,24,1751.78,Home Goods,Self-Employed,18,0,2023/10/20
86576,67,Female,Shenzhen,Silver,44,5730.6,Home Goods,Unemployed,5,1,2023/10/22
85991,40,Male,Chengdu,Silver,23,879.89,Electronics,Professional,15,1,2023/8/27
86310,43,Male,Hangzhou,Bronze,8,252.82,Books,Professional,5,0,2023/10/26
86340,18,Female,Wuhan,Silver,74,,Clothing,Self-Employed,28,0,2023/12/14
86463,57,Male,Chongqing,Bronze,15,660.64,Books,Student,4,1,2023/8/15
86632,51,Male,Guangzhou,Silver,38,2228.12,Home Goods,Professional,1,0,2023/8/8
85888,25,Female,Shenzhen,Silver,45,4550.35,Sports,Unemployed,30,0,2023/10/2
85771,18,Female,Hangzhou,Bronze,34,3889.12,Books,Unemployed,11,0,2023/10/15
86257,36,Male,Wuhan,Bronze,12,543.41,Electronics,Student,7,0,2023/9/30
86140,37,Male,Shanghai,Gold,58,3263.97,Home Goods,Unemployed,2,1,2023/10/10
86197,23,Female,Shenzhen,Gold,94,8761.53,Electronics,Self-Employed,23,1,2023/7/27
85929,24,Male,Shenzhen,Bronze,22,869.56,Electronics,Unemployed,16,0,2023/12/18
86059,30,Female,Guangzhou,Silver,85,21053.2,Home Goods,Professional,26,1,2023/1/25
86219,28,Female,Hangzhou,Bronze,46,4929.91,Sports,Self-Employed,16,1,2023/4/11
86056,27,Male,Shenzhen,Silver,38,1943.55,Home Goods,Self-Employed,10,1,2023/7/25
86163,54,Female,Shanghai,Platinum,81,22181.88,Electronics,Unemployed,7,0,2023/11/4
86187,32,Female,Shanghai,Gold,115,29548.83,Sports,Self-Employed,23,0,2023/11/26
86454,19,Male,Chengdu,Silver,38,3509.26,Books,Student,7,1,2023/12/20
86578,27,Female,Shanghai,Gold,129,55059.01,Electronics,Self-Employed,22,0,2023/4/12
85796,21,Male,Chengdu,Gold,45,4736.07,Home Goods,Professional,16,1,2023/7/7
86620,26,Male,Hangzhou,Silver,10,662.04,Sports,Self-Employed,8,0,2023/10/5
85734,30,Male,Beijing,Gold,92,10336.06,Electronics,Student,23,0,2023/11/16
86518,34,Female,Shenzhen,Silver,28,2596.06,Home Goods,Self-Employed,13,1,2023/12/28
86046,24,Male,Shenzhen,Gold,14,1111.9,Clothing,Student,17,1,2023/7/27
85957,43,Male,Chongqing,Gold,16,800.56,Home Goods,Student,9,0,2023/4/6
86613,49,Male,Guangzhou,Platinum,59,7244.26,Electronics,Unemployed,9,0,2023/7/18
86282,43,Male,Beijing,Platinum,54,5265.53,Books,Self-Employed,6,1,2023/12/9
86169,33,Female,Chengdu,Silver,46,2344.18,Books,Student,7,0,2023/9/2
86304,37,Female,Shenzhen,Gold,40,6023.74,Home Goods,Unemployed,5,0,2023/11/16
86270,41,Male,Shanghai,Silver,25,1489.02,Home Goods,Professional,13,1,2023/11/22
86387,23,Female,Beijing,Gold,175,50039.48,Books,Self-Employed,8,0,2023/12/12
86427,20,Female,Wuhan,Bronze,38,4450.1,Books,Student,10,1,2023/3/11
86298,30,Female,Wuhan,Gold,72,10231.08,Sports,Professional,30,1,2024/1/1
85986,55,Male,Hangzhou,Bronze,16,695.92,Books,Student,14,0,2023/7/26
85682,18,Female,Beijing,Gold,112,42940.36,Clothing,Unemployed,28,0,2024/1/1
86203,34,Female,Chengdu,Silver,44,5425.95,Home Goods,Student,9,0,2023/11/25
86550,22,Female,Shanghai,Gold,175,69005.61,Electronics,Student,25,0,2023/10/26
85775,28,Female,Wuhan,Bronze,31,4601.81,Home Goods,Self-Employed,12,0,2023/9/21
86289,31,Female,Hangzhou,Silver,51,5102.8,Home Goods,Student,12,0,2023/8/13
86194,44,Male,Chongqing,Silver,25,964.13,Electronics,Student,11,1,2023/10/21
85923,31,Female,Chengdu,Bronze,33,3015.7,Home Goods,Student,29,0,2023/7/7
85952,19,Female,Wuhan,Gold,58,9112.13,Clothing,Student,20,1,2023/9/23
86098,20,Male,Shenzhen,Silver,11,564.67,Home Goods,Professional,25,0,2023/11/21
86058,25,Male,Guangzhou,Platinum,73,11597.77,Electronics,Self-Employed,15,0,2023/12/22
86069,38,Male,Hangzhou,Gold,11,791.59,Clothing,Unemployed,5,0,2023/11/18
85728,63,Male,Chongqing,Silver,10,441.21,Electronics,Self-Employed,13,0,2023/9/3
85708,28,Female,Guangzhou,Silver,130,50084.39,Clothing,Professional,12,0,2023/8/23
85945,33,Female,Chengdu,Gold,40,3816.57,Books,Student,20,0,2023/11/12
85704,24,Female,Hangzhou,Bronze,51,6373.24,Electronics,Self-Employed,20,0,2023/10/18
86077,18,Female,Guangzhou,Gold,136,46029.64,Home Goods,Professional,6,1,2023/11/26
86431,24,Female,Shenzhen,Silver,78,7314.15,Clothing,Self-Employed,25,0,2023/12/15
86649,41,Male,Wuhan,Silver,16,544.74,Sports,Student,15,1,2023/8/19
86664,49,Female,Wuhan,Silver,48,4058.01,Clothing,Unemployed,7,1,2023/11/27
86131,18,Male,Beijing,Gold,36,8537.43,Books,Unemployed,15,0,2023/11/5
86036,49,Male,Shanghai,Gold,16,1840.18,Electronics,Self-Employed,5,1,2023/1/23
86534,25,Male,Guangzhou,Silver,64,12493.45,Home Goods,Self-Employed,13,0,2023/9/22
86157,23,Female,Chongqing,Silver,73,13262.4,Books,Professional,6,1,2023/10/18
86254,48,Female,Shenzhen,Gold,35,2547.93,Sports,Student,5,1,2023/11/18
86660,27,Male,Shenzhen,Gold,15,1292.91,Home Goods,Student,6,0,2023/7/14
86362,48,Male,Wuhan,Silver,10,413.92,Clothing,Professional,11,0,2023/11/10
86538,27,Male,Chengdu,Bronze,31,1752.66,Books,Self-Employed,30,1,2023/10/5
86601,29,Male,Hangzhou,Silver,41,2815.33,Electronics,Professional,13,1,2023/11/3
86052,23,Male,Wuhan,Silver,34,3123.47,Books,Unemployed,5,0,2023/11/17
85994,20,Male,Hangzhou,Silver,13,1340.48,Books,Student,16,0,2023/8/10
86616,31,Female,Chongqing,Silver,31,3820.84,Clothing,Self-Employed,28,1,2023/9/5
86025,67,Male,Guangzhou,Silver,33,2167.36,Sports,Student,10,0,2023/10/20
86092,30,Male,Guangzhou,Platinum,29,,Clothing,Professional,10,0,2023/10/3
86619,21,Male,Guangzhou,Platinum,105,29782.54,Books,Self-Employed,6,0,2023/9/13
86469,36,Male,Chongqing,Gold,13,1047.85,Books,Self-Employed,3,1,2023/9/24
85819,34,Male,Guangzhou,Platinum,45,6929.22,Sports,Student,6,1,2023/9/7
86500,51,Female,Wuhan,Gold,,4166.21,Sports,Unemployed,3,1,2023/9/19
86166,33,Male,Chongqing,Gold,11,563.27,Books,Student,23,1,2023/9/26
86425,19,Female,Shenzhen,Bronze,35,2939.27,Electronics,Student,9,1,2023/3/23
85914,39,Male,Chongqing,Silver,17,930.83,Clothing,Self-Employed,3,1,2023/9/2
86322,20,Male,Shanghai,Silver,46,7853.98,Electronics,Professional,14,1,2023/9/30
86560,49,Female,Beijing,Silver,76,18840.56,Home Goods,Student,5,0,2023/4/11
85818,20,Male,Hangzhou,Bronze,11,800.74,Home Goods,Professional,25,0,2023/11/6
86441,35,Female,Wuhan,Bronze,19,1881.18,Electronics,Self-Employed,10,0,2023/10/20
86673,49,Female,Wuhan,Bronze,,1075.8,Sports,Self-Employed,10,0,2023/9/22
86141,21,Female,Beijing,Silver,146,21445.27,Clothing,Self-Employed,18,1,2023/2/24
85989,66,Female,Shanghai,Gold,82,23952.4,Home Goods,Self-Employed,1,0,2023/10/6
86663,43,Female,Chongqing,Bronze,28,2351.04,Home Goods,Professional,6,1,2023/11/27
86596,32,Female,Chengdu,Bronze,21,1387.33,Home Goods,Self-Employed,17,1,2023/3/5
86391,65,Male,Beijing,Platinum,61,7173.73,Sports,Self-Employed,6,1,2023/10/19
86132,48,Female,Shanghai,Platinum,122,40986.75,Books,Student,4,1,2023/10/12
86447,29,Male,Chengdu,Silver,21,2104.87,Electronics,Student,19,0,2023/10/10
85878,40,Male,Guangzhou,Silver,,2857.63,Electronics,Professional,5,1,2023/11/29
86508,47,Female,Shanghai,Platinum,77,22263.5,Home Goods,Professional,5,1,2023/12/25
86506,51,Female,Wuhan,Bronze,23,,Books,Student,8,1,2023/3/7
86109,56,Female,Beijing,Platinum,86,14417.42,Home Goods,Unemployed,9,0,2023/10/31
85679,21,Male,Chongqing,Gold,29,1992.12,Home Goods,Self-Employed,18,1,2023/9/26
86443,28,Female,Chongqing,Gold,61,7856.84,Clothing,Unemployed,10,0,2023/9/26
86353,22,Female,Chongqing,Gold,92,13644.28,Clothing,Student,21,1,2023/12/14
86396,31,Male,Beijing,Silver,24,,Sports,Student,18,0,2023/12/18
85889,26,Female,Guangzhou,Gold,187,66112.07,Home Goods,Professional,27,0,2023/12/15
86327,37,Male,Chongqing,Gold,28,1940.96,Books,Self-Employed,14,0,2023/9/30
85824,63,Female,Chengdu,Gold,47,5990.98,Clothing,Self-Employed,10,1,2023/8/26
86361,37,Male,Shenzhen,Silver,6,185.91,Sports,Self-Employed,2,0,2023/7/16
86174,32,Female,Guangzhou,Silver,54,11822,Sports,Professional,15,1,2023/7/19
86006,25,Male,Chengdu,Gold,36,2875.91,Sports,Professional,7,1,2023/10/31
86653,46,Female,Hangzhou,Silver,45,5864.35,Clothing,Student,7,0,2023/12/12
86491,22,Female,Hangzhou,Bronze,49,7354.59,Clothing,Unemployed,7,1,2023/9/7
86294,25,Male,Wuhan,Bronze,19,780.23,Electronics,Self-Employed,18,1,2023/12/28
86488,59,Female,Shanghai,Silver,92,14794.86,Home Goods,Unemployed,4,1,2023/12/29
86190,18,Female,Shenzhen,Bronze,42,3748.82,Home Goods,Self-Employed,5,0,2023/9/17
86192,28,Male,Hangzhou,Bronze,14,1038.93,Sports,Student,22,0,2023/8/1
86614,47,Male,Guangzhou,Platinum,,4516.17,Electronics,Unemployed,4,0,2023/7/22
85787,24,Female,Beijing,Platinum,146,62552.19,Electronics,Professional,16,0,2023/9/11
86286,29,Male,Shenzhen,Bronze,24,,Books,Student,10,1,2023/10/2
85711,63,Female,Guangzhou,Gold,93,14723.26,Books,Self-Employed,15,0,2023/10/7
86568,31,Female,Guangzhou,Silver,82,10782.58,Clothing,Self-Employed,12,1,2023/10/18
86569,33,Male,Chengdu,Gold,8,518.65,Home Goods,Student,14,0,2023/10/25
86666,34,Male,Guangzhou,Gold,37,3638.6,Electronics,Self-Employed,22,0,2023/10/29
85832,66,Female,Guangzhou,Platinum,75,27980.24,Electronics,Self-Employed,5,1,2023/7/11
85828,54,Male,Chongqing,Gold,20,1416.77,Sports,Student,13,0,2023/4/17
85714,22,Female,Shenzhen,Silver,44,3298.29,Electronics,Self-Employed,17,1,2023/12/31
86259,26,Male,Chengdu,Bronze,14,613.73,Home Goods,Student,24,0,2023/12/14
86479,28,Female,Guangzhou,Silver,,46134.22,Clothing,Student,30,1,2023/10/29
86266,19,Female,Shanghai,Platinum,146,48213.88,Home Goods,Professional,5,0,2023/12/13
86638,21,Female,Hangzhou,Silver,62,6974.6,Sports,Self-Employed,12,0,2023/9/25
85940,40,Female,Guangzhou,Gold,105,18942.39,Clothing,Unemployed,4,1,2023/2/10
86080,50,Female,Wuhan,Gold,60,8830.75,Sports,Self-Employed,15,0,2024/1/1
85968,62,Female,Chengdu,Silver,30,3618.13,Clothing,Student,7,0,2023/12/21
86278,43,Female,Chongqing,Gold,53,5773.46,Home Goods,Self-Employed,1,1,2023/10/25
86196,26,Male,Hangzhou,Silver,13,1351.74,Home Goods,Self-Employed,26,1,2023/7/9
85692,23,Male,Shenzhen,Bronze,14,909.03,Books,Self-Employed,7,0,2023/11/20
86099,24,Male,Shenzhen,Gold,16,1271.37,Sports,Student,27,1,2023/12/31
86201,46,Female,Wuhan,Silver,31,3957.84,Electronics,Self-Employed,15,1,2023/4/28
85982,22,Male,Guangzhou,Gold,87,14068.44,Sports,Professional,27,0,2023/12/25
86296,56,Male,Guangzhou,Gold,19,1046.36,Electronics,Student,1,0,2023/11/30
86468,47,Male,Shanghai,Platinum,23,2573.21,Electronics,Student,14,1,2023/4/7
85736,41,Male,Shenzhen,Silver,14,503.39,Books,Self-Employed,15,1,2023/11/9
85753,43,Female,Shenzhen,Silver,46,5305.18,Clothing,Self-Employed,7,0,2023/10/28
86354,21,Female,Shenzhen,Silver,47,3680.9,Clothing,Professional,19,1,2023/11/8
85867,47,Male,Beijing,Platinum,54,5452.08,Electronics,Student,15,1,2023/9/24
86424,25,Female,Wuhan,Gold,65,10281.96,Electronics,Self-Employed,5,0,2023/3/28
85855,50,Female,Hangzhou,Bronze,23,1592.07,Home Goods,Student,4,1,2023/11/25
86209,46,Female,Shenzhen,Gold,54,8790.72,Sports,Professional,6,0,2023/12/19
86158,47,Female,Wuhan,Gold,,2467.81,Home Goods,Self-Employed,9,1,2023/10/24
85874,60,Female,Wuhan,Gold,63,7474.47,Clothing,Student,2,1,2023/11/28
86038,31,Male,Shenzhen,Bronze,8,368.63,Home Goods,Unemployed,18,1,2023/10/29
86665,23,Female,Shanghai,Silver,97,34688.36,Home Goods,Professional,22,1,2023/9/8
86136,49,Male,Chengdu,Silver,16,488.27,Books,Student,3,1,2023/7/15
86030,27,Female,Shanghai,Platinum,184,56724.38,Clothing,Professional,22,0,2023/11/4
85676,19,Male,Chengdu,Silver,22,1979.04,Books,Unemployed,26,1,2023/9/30
86152,35,Male,Chongqing,Silver,18,594.3,Clothing,Student,7,0,2023/10/28
86369,33,Female,Shanghai,Gold,85,18337.94,Home Goods,Professional,29,0,2023/12/31
85927,30,Male,Shenzhen,Gold,44,2937.07,Clothing,Self-Employed,17,1,2023/12/25
86341,21,Female,Shenzhen,Gold,74,17124.75,Clothing,Unemployed,28,0,2023/10/22
85759,28,Male,Shenzhen,Bronze,31,2247.44,Home Goods,Student,21,1,2023/9/11
86643,23,Male,Shanghai,Silver,48,9666.84,Sports,Student,12,0,2023/12/6
85749,43,Female,Guangzhou,Gold,120,13406.03,Clothing,Self-Employed,5,1,2023/11/14
86460,48,Male,Hangzhou,Silver,21,1150.61,Electronics,Student,14,0,2023/9/3
86332,55,Female,Chengdu,Gold,34,3411.76,Sports,Professional,14,0,2023/2/24
86139,32,Male,Beijing,Silver,16,1868.32,Electronics,Self-Employed,25,0,2023/12/7
86594,60,Female,Chongqing,Silver,29,2700.3,Clothing,Unemployed,3,0,2023/10/22
85712,25,Male,Hangzhou,Silver,19,1113.59,Clothing,Self-Employed,6,1,2023/11/30
86618,52,Male,Guangzhou,Silver,42,2352.18,Home Goods,Professional,8,1,2023/12/10
86399,33,Female,Beijing,Platinum,118,32069.95,Clothing,Self-Employed,16,1,2023/12/11
86110,53,Female,Shanghai,Gold,115,26564.85,Home Goods,Professional,14,1,2023/11/30
85814,25,Male,Chengdu,Gold,39,3340.76,Sports,Professional,29,1,2023/11/3
86492,23,Female,Chongqing,Silver,61,5245.3,Clothing,Self-Employed,20,1,2023/12/13
86276,29,Male,Hangzhou,Gold,39,4663.52,Electronics,Professional,13,1,2023/8/5
86419,49,Male,Hangzhou,Silver,21,1329.04,Electronics,Unemployed,15,1,2023/10/26
86145,27,Male,Chongqing,Silver,11,618.12,Electronics,Unemployed,25,1,2023/11/5
86016,29,Female,Shanghai,Gold,190,90030.42,Electronics,Self-Employed,5,1,2023/12/16
86090,46,Female,Wuhan,Gold,51,7726.5,Home Goods,Professional,13,1,2023/12/25
86385,63,Female,Chengdu,Bronze,29,1751.95,Electronics,Student,1,1,2023/10/19
86231,20,Male,Guangzhou,Platinum,99,11607.58,Clothing,Professional,13,1,2023/10/18
85724,61,Male,Wuhan,Gold,13,1068.66,Home Goods,Professional,9,1,2023/7/13
85836,29,Male,Beijing,Platinum,40,9690.47,Electronics,Professional,20,0,2023/8/28
86439,48,Female,Shenzhen,Silver,42,2968.35,Clothing,Self-Employed,4,1,2023/9/9
86530,28,Male,Wuhan,Silver,28,2401.8,Books,Professional,22,0,2023/12/21
86541,31,Female,Chengdu,Gold,57,6401.98,Books,Professional,25,0,2023/1/15
86198,18,Female,Shenzhen,Gold,58,,Home Goods,Unemployed,14,0,2023/11/23
86117,21,Female,Hangzhou,Silver,44,8208.19,Clothing,Student,11,0,2023/12/6
85846,35,Female,Chengdu,Bronze,21,1771.5,Clothing,Professional,1,0,2023/7/7
86630,58,Female,Beijing,Gold,88,16028.73,Clothing,Student,7,0,2023/4/19
86004,19,Male,Shenzhen,Silver,22,,Home Goods,Self-Employed,17,1,2023/11/28
86026,67,Male,Guangzhou,Platinum,68,6194.03,Clothing,Self-Employed,4,0,2023/4/22
86531,38,Male,Chengdu,Gold,16,1263.63,Electronics,Student,13,0,2023/7/10
86440,24,Male,Wuhan,Silver,11,560.28,Electronics,Student,8,1,2023/12/26
85713,20,Female,Shanghai,Platinum,119,58373.06,Clothing,Self-Employed,30,1,2023/9/7
86526,28,Female,Chengdu,Silver,50,8636.28,Electronics,Student,13,1,2023/12/13
86549,19,Female,Shenzhen,Bronze,60,8464.49,Sports,Student,16,0,2023/9/24
85830,32,Male,Shanghai,Platinum,46,8114.65,Electronics,Professional,19,0,2023/11/13
85896,21,Male,Hangzhou,Bronze,28,1226.74,Electronics,Student,21,0,2023/11/26
86315,25,Female,Chengdu,Silver,53,10307.7,Clothing,Self-Employed,21,1,2023/2/27
85884,46,Male,Shenzhen,Bronze,6,164.25,Books,Student,2,0,2023/12/18
86420,35,Male,Shenzhen,Gold,32,1520.03,Books,Unemployed,12,1,2023/10/4
86634,52,Male,Chongqing,Bronze,14,383.82,Home Goods,Professional,3,0,2023/9/30
86374,23,Female,Shenzhen,Gold,88,,Home Goods,Unemployed,16,1,2023/11/6
85841,21,Male,Hangzhou,Bronze,15,726.57,Books,Self-Employed,19,1,2023/4/9
86672,21,Female,Hangzhou,Gold,57,14182.01,Clothing,Professional,8,1,2023/12/20
86658,23,Male,Chongqing,Silver,33,2874.95,Home Goods,Professional,5,0,2023/3/31
86165,43,Female,Wuhan,Bronze,19,1749.68,Home Goods,Unemployed,6,0,2023/9/11
85684,47,Male,Wuhan,Bronze,15,355.71,Electronics,Self-Employed,10,0,2023/12/13
85779,25,Male,Beijing,Silver,42,6948.42,Electronics,Self-Employed,27,1,2023/10/28
85742,41,Female,Shenzhen,Gold,32,3679.69,Sports,Self-Employed,2,1,2023/9/25
86153,22,Female,Hangzhou,Bronze,49,3229.9,Books,Professional,12,1,2023/11/28
86073,33,Female,Chengdu,Bronze,31,1188.7,Clothing,Unemployed,6,0,2023/11/3
86108,42,Male,Wuhan,Gold,24,1307.31,Electronics,Professional,7,0,2023/12/27
85932,26,Female,Shenzhen,Gold,62,5737.86,Clothing,Student,5,1,2023/8/30
86501,32,Male,Shenzhen,Bronze,15,341.37,Clothing,Student,25,0,2023/11/22
86558,20,Female,Wuhan,Bronze,35,3235.32,Clothing,Student,17,1,2023/12/20
85978,51,Male,Hangzhou,Gold,22,1220.61,Electronics,Self-Employed,15,1,2023/12/9
86485,48,Male,Chongqing,Bronze,11,384.14,Sports,Professional,8,0,2023/12/25
86612,31,Male,Shenzhen,Bronze,12,509.38,Clothing,Self-Employed,27,1,2023/9/14
86598,28,Female,Hangzhou,Silver,57,7421.18,Clothing,Student,8,0,2023/7/30
86200,31,Male,Guangzhou,Gold,31,4096.97,Sports,Self-Employed,19,0,2023/11/22
85694,24,Female,Beijing,Silver,78,21101.6,Home Goods,Professional,9,0,2023/7/28
86579,25,Male,Shanghai,Gold,29,5311.94,Electronics,Unemployed,23,0,2023/9/26
86054,38,Male,Wuhan,Silver,9,599.94,Electronics,Professional,12,0,2023/9/11
86094,23,Male,Chengdu,Gold,13,688.72,Sports,Professional,6,1,2023/7/7
85959,19,Male,Shanghai,Silver,56,4927.86,Books,Self-Employed,8,0,2023/10/15
85745,30,Female,Chongqing,Bronze,46,4044.15,Clothing,Unemployed,26,1,2023/9/8
85723,37,Male,Chengdu,Silver,12,798.48,Clothing,Unemployed,11,1,2023/8/3
85853,34,Male,Beijing,Gold,40,,Sports,Student,16,1,2023/12/25
86180,47,Female,Hangzhou,Bronze,30,2698.52,Home Goods,Student,8,1,2023/9/24
86603,38,Male,Beijing,Platinum,18,2683.85,Home Goods,Self-Employed,12,0,2023/8/21
85790,30,Female,Wuhan,Bronze,31,2764.57,Electronics,Self-Employed,30,1,2023/10/12
85967,29,Female,Shanghai,Platinum,195,57277.9,Home Goods,Self-Employed,10,0,2023/8/2
85750,31,Male,Chongqing,Bronze,17,413.65,Sports,Unemployed,30,1,2023/7/22
85722,41,Male,Guangzhou,Silver,12,705.39,Electronics,Professional,4,0,2023/11/14
86177,19,Female,Beijing,Platinum,234,71886.47,Home Goods,Professional,30,0,2023/12/17
85937,32,Female,Chengdu,Gold,38,3634.21,Home Goods,Student,18,0,2023/12/28
86482,63,Female,Shanghai,Platinum,136,34438.3,Home Goods,Professional,1,1,2023/11/28
86537,53,Female,Wuhan,Gold,35,2694.6,Home Goods,Student,12,0,2023/10/29
86422,20,Female,Guangzhou,Platinum,122,40352.18,Clothing,Professional,30,1,2023/10/4
85738,36,Female,Guangzhou,Platinum,90,20229.47,Home Goods,Professional,13,0,2023/12/7
86472,56,Female,Guangzhou,Platinum,111,28341.79,Electronics,Professional,13,1,2023/4/11
85726,49,Female,Wuhan,Silver,26,,Books,Self-Employed,7,1,2023/8/17
86114,50,Male,Chengdu,Bronze,12,486.08,Electronics,Self-Employed,7,1,2023/9/10
85798,46,Female,Shenzhen,Gold,53,6515.22,Books,Professional,9,0,2023/7/13
86324,40,Male,Wuhan,Silver,14,617.29,Clothing,Professional,15,1,2023/8/10
86083,27,Male,Hangzhou,Bronze,24,937.08,Clothing,Unemployed,30,1,2023/12/22
86426,67,Female,Guangzhou,Silver,92,15488.14,Home Goods,Student,10,0,2023/9/27
86626,23,Female,Wuhan,Bronze,49,3887.2,Books,Student,29,0,2023/9/7
86151,26,Male,Guangzhou,Gold,48,11538.55,Books,Self-Employed,10,0,2023/11/1
85792,63,Male,Chengdu,Silver,10,230.59,Home Goods,Unemployed,2,1,2023/8/13
85686,30,Female,Hangzhou,Bronze,39,3199.79,Books,Self-Employed,12,1,2023/4/8
85831,64,Female,Shanghai,Gold,105,18352.86,Home Goods,Professional,7,1,2023/11/18
86011,53,Female,Chongqing,Silver,42,,Books,Self-Employed,11,1,2023/10/17
85801,47,Female,Wuhan,Gold,42,5712.83,Clothing,Self-Employed,15,0,2023/9/21
85720,27,Male,Wuhan,Silver,10,621.19,Electronics,Student,29,0,2023/10/23
85909,35,Male,Shenzhen,Bronze,13,234.86,Sports,Professional,15,0,2023/12/6
86212,38,Male,Shanghai,Silver,13,1393.1,Electronics,Professional,6,1,2023/2/23
85915,19,Male,Chengdu,Silver,11,421.12,Electronics,Professional,5,1,2023/11/30
86264,19,Male,Shanghai,Gold,65,11596.6,Sports,Professional,22,0,2023/9/22
86032,23,Male,Guangzhou,Silver,60,8502.57,Electronics,Student,28,0,2023/9/12
86633,36,Male,Shenzhen,Bronze,9,153.29,Clothing,Unemployed,8,1,2023/11/16
86522,57,Female,Chongqing,Silver,33,2847.75,Sports,Professional,8,0,2023/9/14
86466,19,Female,Chongqing,Silver,79,,Books,Unemployed,20,0,2023/7/9
85999,27,Female,Shanghai,Platinum,131,34020.37,Sports,Unemployed,30,1,2023/10/9
86573,51,Female,Shenzhen,Bronze,27,938.09,Home Goods,Professional,5,0,2023/8/17
86483,27,Male,Shanghai,Gold,78,9715.34,Books,Professional,22,1,2023/12/22
86024,18,Male,Chengdu,Silver,30,2138.76,Electronics,Self-Employed,26,0,2023/10/23
86037,29,Female,Shanghai,Gold,143,61907.8,Home Goods,Student,30,0,2023/7/25
85691,30,Male,Chongqing,Bronze,17,1046.84,Books,Professional,20,0,2023/11/14
85860,22,Male,Chongqing,Gold,50,3877.41,Electronics,Student,10,1,2023/1/28
86076,21,Male,Shanghai,Gold,82,20061.41,Clothing,Self-Employed,29,0,2023/8/24
86012,46,Male,Hangzhou,Gold,27,2041.99,Electronics,Professional,6,0,2023/11/8
85880,23,Female,Chongqing,Bronze,31,3867.07,Clothing,Unemployed,22,1,2023/11/22
86637,19,Female,Chengdu,Gold,87,18585.5,Clothing,Self-Employed,15,0,2023/11/25
86019,28,Female,Chongqing,Gold,85,20564.72,Home Goods,Professional,22,1,2023/11/12
85987,36,Female,Guangzhou,Platinum,86,26962.63,Electronics,Student,3,1,2023/12/7
85916,31,Male,Guangzhou,Silver,36,2021.85,Electronics,Self-Employed,23,1,2023/8/20
86587,63,Female,Beijing,Silver,87,15976.23,Home Goods,Student,5,1,2023/7/30
85844,40,Male,Chengdu,Silver,24,1360.33,Sports,Professional,8,0,2023/7/16
85861,21,Female,Beijing,Gold,182,56566.31,Clothing,Professional,20,0,2023/12/12
86608,60,Male,Hangzhou,Silver,13,364.93,Home Goods,Unemployed,7,1,2023/9/5
85807,18,Female,Shanghai,Platinum,195,64103.21,Clothing,Student,28,0,2023/7/17
85975,43,Male,Shanghai,Platinum,19,2120.83,Home Goods,Self-Employed,13,0,2023/2/21
86405,20,Male,Shanghai,Platinum,76,18902.28,Electronics,Professional,20,1,2023/9/26
86344,30,Male,Shanghai,Silver,23,4071.51,Books,Unemployed,26,0,2023/9/25
85992,33,Male,Hangzhou,Silver,8,,Electronics,Professional,24,0,2023/8/14
85752,52,Male,Chongqing,Bronze,12,545.29,Clothing,Self-Employed,13,0,2023/11/28
86195,35,Male,Beijing,Platinum,34,4007.94,Electronics,Student,12,1,2023/11/23
86020,41,Male,Wuhan,Silver,20,600.96,Books,Self-Employed,1,1,2023/12/19
85872,23,Male,Shanghai,Silver,25,,Electronics,Unemployed,15,0,2023/12/13
86539,28,Male,Guangzhou,Gold,29,3535.32,Electronics,Unemployed,22,1,2023/7/14
86222,52,Female,Hangzhou,Silver,32,2703.62,Clothing,Professional,14,0,2023/1/16
86589,63,Female,Chongqing,Silver,33,4109.43,Books,Student,15,1,2023/12/15
86262,24,Female,Beijing,Platinum,207,80711.01,Electronics,Professional,7,1,2023/10/5
86121,59,Female,Chengdu,Gold,40,4475.64,Home Goods,Self-Employed,7,0,2023/12/18
85695,35,Female,Chongqing,Silver,26,3347,Electronics,Student,4,0,2023/10/27
86398,25,Male,Shenzhen,Gold,15,823.84,Sports,Self-Employed,14,0,2023/7/25
86392,52,Female,Hangzhou,Bronze,33,,Clothing,Unemployed,9,0,2023/4/19
85924,29,Female,Shanghai,Silver,128,18676.33,Clothing,Self-Employed,14,1,2023/10/7
85917,47,Male,Guangzhou,Silver,30,2296.13,Electronics,Unemployed,9,1,2023/11/28
86245,30,Female,Chengdu,Gold,79,14031.18,Books,Student,18,0,2023/11/2
85709,27,Female,Hangzhou,Silver,67,8064.52,Electronics,Unemployed,5,0,2023/7/3
85755,48,Male,Beijing,Silver,26,1776.58,Electronics,Professional,11,0,2023/10/18
85833,21,Female,Chongqing,Bronze,39,4643.29,Clothing,Student,11,1,2023/12/4
86007,30,Female,Beijing,Platinum,137,62415.28,Books,Professional,30,0,2023/11/9
86511,34,Male,Shenzhen,Gold,29,1510.07,Books,Professional,26,0,2023/12/30
86148,47,Male,Guangzhou,Platinum,59,6050.72,Books,Student,8,0,2023/8/26
86345,52,Male,Chengdu,Silver,19,1181.67,Home Goods,Student,10,1,2023/11/8
85783,30,Male,Wuhan,Silver,29,1802.66,Home Goods,Professional,10,0,2023/9/9
86335,18,Female,Chongqing,Gold,72,9587.37,Clothing,Professional,16,0,2023/9/26
86053,28,Female,Chengdu,Bronze,44,4497.47,Clothing,Student,28,1,2023/11/21
86299,18,Female,Hangzhou,Gold,75,16667.23,Clothing,Self-Employed,12,1,2023/9/30
86277,53,Male,Shenzhen,Bronze,17,396.99,Home Goods,Professional,8,1,2023/10/17
85766,25,Female,Guangzhou,Platinum,166,35314.18,Home Goods,Self-Employed,18,1,2023/9/30
86125,28,Male,Shanghai,Gold,46,7498.15,Sports,Unemployed,19,1,2023/11/11
86326,59,Female,Beijing,Silver,58,10523.36,Home Goods,Self-Employed,6,0,2023/8/10
86496,19,Male,Wuhan,Silver,15,1276.77,Books,Self-Employed,14,1,2023/9/26
86529,29,Female,Shenzhen,Bronze,42,2839.64,Books,Self-Employed,23,0,2023/9/17
86064,33,Female,Chengdu,Bronze,26,993.72,Clothing,Self-Employed,8,0,2023/9/26
86251,40,Male,Chengdu,Gold,22,1015.31,Clothing,Self-Employed,8,1,2023/7/24
86659,58,Male,Hangzhou,Bronze,10,244.08,Home Goods,Professional,15,0,2023/11/19
86096,30,Male,Beijing,Platinum,78,10010.35,Home Goods,Unemployed,16,0,2023/12/22
85885,49,Female,Beijing,Gold,91,18637.21,Sports,Professional,13,0,2023/4/25
85845,32,Female,Shenzhen,Gold,64,9609.49,Electronics,Student,18,1,2023/10/26
85839,46,Male,Shenzhen,Silver,20,1249.82,Books,Self-Employed,1,1,2023/3/4
85912,20,Male,Chongqing,Silver,34,1433.69,Sports,Unemployed,12,1,2023/9/2
85862,28,Male,Guangzhou,Platinum,114,26722.34,Electronics,Self-Employed,27,0,2023/7/28
86359,24,Male,Wuhan,Bronze,21,1478.18,Home Goods,Professional,12,1,2023/9/27
86477,29,Female,Chengdu,Silver,81,17674.08,Clothing,Professional,29,1,2023/9/22
86018,31,Male,Shanghai,Silver,32,3722.17,Home Goods,Student,10,0,2023/2/9
86415,25,Male,Guangzhou,Gold,73,7546.92,Clothing,Student,22,1,2023/11/18
86127,24,Female,Chengdu,Silver,44,9532.47,Electronics,Professional,16,0,2023/10/26
86320,37,Female,Wuhan,Silver,33,3707.01,Books,Self-Employed,1,1,2023/12/29
86504,28,Male,Chengdu,Gold,52,3347.6,Sports,Self-Employed,27,0,2023/12/16
85829,28,Female,Wuhan,Gold,104,25474.79,Books,Self-Employed,21,1,2023/8/22
86161,21,Male,Shanghai,Gold,39,7158.21,Clothing,Self-Employed,9,1,2023/9/11
86271,33,Female,Shanghai,Platinum,84,22393.81,Home Goods,Student,23,0,2023/11/3
86662,19,Female,Wuhan,Gold,94,21995.71,Electronics,Self-Employed,16,1,2023/10/23
85799,44,Male,Chongqing,Silver,14,889.46,Clothing,Professional,7,1,2023/3/22
85740,50,Female,Wuhan,Silver,33,3817.08,Sports,Professional,8,0,2023/9/26
86582,34,Male,Guangzhou,Platinum,52,7804.64,Electronics,Professional,27,1,2023/12/13
86185,36,Male,Shenzhen,Gold,19,1449.95,Books,Student,5,1,2023/10/16
85898,32,Female,Beijing,Gold,96,28779.4,Home Goods,Professional,10,1,2023/9/11
85942,69,Female,Chengdu,Gold,59,5123.91,Electronics,Self-Employed,5,1,2023/12/1
85835,31,Male,Chongqing,Silver,14,548.3,Home Goods,Professional,16,0,2023/8/28
86487,26,Female,Chongqing,Bronze,59,3758.02,Clothing,Student,30,1,2023/7/5
86292,18,Female,Chongqing,Silver,46,5675.51,Clothing,Professional,10,0,2023/8/15
86350,54,Female,Hangzhou,Silver,40,4062.12,Books,Student,11,1,2023/7/7
85852,65,Male,Shenzhen,Silver,18,1054.41,Electronics,Self-Employed,6,1,2023/12/26
86624,22,Female,Chengdu,Bronze,57,7848.86,Clothing,Self-Employed,11,0,2023/12/12
86089,24,Female,Wuhan,Silver,45,4380.97,Books,Student,29,0,2023/10/19
85774,57,Male,Beijing,Gold,58,8741.15,Sports,Professional,12,0,2023/9/17
86407,33,Female,Shanghai,Gold,63,18278.02,Electronics,Self-Employed,25,1,2023/12/22
86363,42,Male,Chengdu,Bronze,17,624.9,Electronics,Professional,14,1,2023/9/14
85903,18,Male,Shenzhen,Bronze,25,1622.63,Clothing,Self-Employed,15,0,2023/10/20
86008,47,Male,Guangzhou,Platinum,68,10587.89,Electronics,Unemployed,11,1,2023/2/2
86301,49,Male,Guangzhou,Silver,31,2831.82,Clothing,Student,14,0,2023/8/31
86376,25,Female,Shenzhen,Silver,61,8788.32,Home Goods,Self-Employed,23,0,2023/11/2
86552,21,Male,Chongqing,Silver,17,1196.35,Books,Professional,15,1,2023/10/24
86156,42,Male,Shenzhen,Gold,,2032.43,Electronics,Professional,8,0,2023/9/25
86593,42,Male,Chengdu,Gold,15,1122.86,Sports,Self-Employed,12,0,2023/12/19
85894,21,Female,Hangzhou,Silver,74,12662.83,Home Goods,Professional,6,0,2023/12/7
86065,22,Male,Wuhan,Gold,31,1948.97,Electronics,Student,10,1,2023/1/28
86586,33,Male,Beijing,Silver,15,1032.59,Home Goods,Self-Employed,24,0,2023/7/4
86101,40,Male,Chengdu,Silver,12,653.86,Clothing,Student,1,0,2023/10/14
85983,61,Male,Shanghai,Gold,15,2024.15,Electronics,Self-Employed,6,0,2023/4/3
86449,23,Male,Wuhan,Bronze,19,623.43,Clothing,Professional,22,1,2023/12/8
86559,30,Male,Hangzhou,Silver,17,1428.33,Electronics,Professional,7,0,2023/7/21
85689,63,Male,Shanghai,Gold,30,4505.16,Books,Self-Employed,7,1,2023/11/15
86167,29,Male,Hangzhou,Bronze,13,1007.1,Books,Self-Employed,25,1,2023/9/14
85919,37,Male,Shanghai,Platinum,28,3577.25,Clothing,Professional,14,0,2023/10/18
86572,34,Male,Wuhan,Silver,24,1190.22,Sports,Professional,23,0,2023/11/19
85680,53,Male,Chengdu,Bronze,16,422.77,Books,Unemployed,2,1,2023/11/6
86287,39,Male,Shanghai,Silver,46,4801.05,Electronics,Self-Employed,1,0,2023/11/8
86207,58,Female,Chongqing,Gold,43,5461.58,Home Goods,Professional,14,1,2023/8/30
86071,34,Female,Chengdu,Gold,34,5540.09,Books,Professional,11,0,2023/9/24
86395,20,Male,Wuhan,Silver,29,2288.26,Books,Unemployed,18,1,2023/12/28
86532,30,Female,Chengdu,Bronze,50,7724.14,Home Goods,Self-Employed,17,0,2023/12/24
86365,31,Female,Guangzhou,Gold,99,22753.6,Home Goods,Self-Employed,10,0,2023/7/13
85778,33,Female,Hangzhou,Bronze,34,2572.95,Sports,Self-Employed,14,0,2023/10/4
85977,54,Male,Guangzhou,Silver,13,1227.6,Books,Unemployed,12,1,2023/9/19
86223,61,Female,Shenzhen,Silver,31,2685.43,Home Goods,Professional,2,0,2023/10/25
86403,35,Female,Shanghai,Gold,96,18973.42,Clothing,Student,5,0,2023/9/10
85882,48,Male,Guangzhou,Silver,21,1924.73,Books,Self-Employed,15,1,2023/9/10
85976,21,Female,Beijing,Silver,140,47905.01,Books,Professional,9,1,2023/11/10
85725,30,Female,Wuhan,Silver,46,,Electronics,Self-Employed,8,0,2023/7/19
85764,43,Female,Shenzhen,Gold,63,8574.5,Books,Professional,5,1,2023/12/1
86028,27,Female,Hangzhou,Bronze,53,5450.88,Clothing,Professional,6,1,2023/10/13
86306,28,Male,Chongqing,Gold,26,3437.17,Home Goods,Student,26,0,2023/4/9
86134,38,Female,Guangzhou,Gold,114,30439.15,Home Goods,Student,3,1,2023/12/1
85696,64,Male,Shanghai,Platinum,27,4063.61,Clothing,Student,13,0,2023/9/9
86048,26,Female,Wuhan,Gold,65,,Books,Professional,28,1,2023/11/22
86220,24,Female,Wuhan,Bronze,47,4088.79,Sports,Self-Employed,23,0,2023/12/8
86113,43,Female,Wuhan,Bronze,26,1215.87,Home Goods,Unemployed,12,0,2023/9/3
85892,41,Female,Chongqing,Gold,55,6034.2,Clothing,Self-Employed,11,0,2023/8/5
86411,38,Female,Beijing,Silver,49,7242.25,Clothing,Self-Employed,7,0,2023/11/4
86179,32,Male,Beijing,Platinum,27,4967.3,Electronics,Student,18,0,2023/11/5
86279,30,Male,Beijing,Platinum,67,12191.53,Books,Professional,16,0,2023/8/17
86475,27,Male,Chongqing,Silver,35,1694.96,Home Goods,Unemployed,20,0,2023/3/26
86622,24,Female,Chengdu,Gold,79,14984.61,Clothing,Self-Employed,8,0,2023/12/13
86357,47,Male,Guangzhou,Gold,19,2200.05,Electronics,Student,6,1,2023/11/18
85879,18,Female,Guangzhou,Silver,134,22720.96,Clothing,Self-Employed,10,1,2023/7/29
86321,24,Male,Chengdu,Gold,52,6798.36,Clothing,Student,6,0,2023/11/9
85864,29,Male,Chengdu,Silver,34,3245.26,Electronics,Self-Employed,26,1,2023/10/20
86035,27,Male,Shanghai,Gold,65,8038.14,Home Goods,Self-Employed,28,0,2023/7/2
86338,39,Female,Chengdu,Silver,35,4440.83,Home Goods,Professional,3,0,2023/10/19
86049,21,Male,Chongqing,Gold,36,3890.36,Books,Professional,30,1,2023/9/20
86305,67,Female,Guangzhou,Silver,94,10744.66,Books,Self-Employed,5,1,2023/10/23
85859,23,Male,Chengdu,Gold,27,1499.35,Sports,Unemployed,23,0,2023/10/21
86406,32,Female,Shenzhen,Bronze,26,1447.69,Books,Self-Employed,11,0,2023/10/20
86078,52,Female,Shanghai,Gold,60,18306.01,Electronics,Student,9,1,2023/7/11
85868,52,Female,Guangzhou,Platinum,118,16353.75,Books,Professional,7,1,2023/9/28
86238,27,Female,Shenzhen,Silver,81,10432.22,Sports,Student,16,0,2023/8/4
86075,26,Female,Shanghai,Silver,120,46895.88,Clothing,Student,12,0,2023/12/30
86204,23,Female,Beijing,Gold,151,67494.65,Sports,Professional,28,1,2023/8/1
86330,52,Female,Beijing,Gold,100,,Home Goods,Unemployed,12,1,2023/10/20
86115,25,Female,Shenzhen,Bronze,52,4316.41,Clothing,Self-Employed,14,1,2023/7/6
85806,24,Female,Beijing,Silver,148,21261.32,Sports,Professional,12,0,2023/12/5
85907,20,Female,Shenzhen,Silver,41,6987.58,Clothing,Unemployed,16,1,2023/12/20
85847,22,Male,Shanghai,Silver,78,9620.89,Home Goods,Self-Employed,16,1,2023/10/20
86102,52,Female,Guangzhou,Platinum,100,35241.54,Home Goods,Student,6,1,2023/7/3
86241,45,Male,Hangzhou,Gold,8,259.07,Clothing,Student,11,1,2023/1/20
86641,33,Male,Shanghai,Silver,39,3447.35,Clothing,Professional,15,1,2023/12/20
86432,50,Female,Shenzhen,Gold,,5546.33,Clothing,Student,5,0,2023/9/27
86300,50,Male,Wuhan,Silver,11,551.53,Books,Student,13,0,2023/10/29
85770,22,Female,Chongqing,Bronze,35,3706.61,Home Goods,Student,28,0,2023/12/6
86455,30,Female,Chongqing,Gold,92,24211.92,Clothing,Unemployed,8,0,2023/12/9
86173,22,Male,Hangzhou,Bronze,11,667.26,Home Goods,Unemployed,13,0,2023/9/29
85748,32,Female,Wuhan,Gold,33,3735.36,Clothing,Unemployed,21,0,2023/10/27
85763,39,Male,Chengdu,Bronze,7,168.42,Home Goods,Student,6,0,2023/8/5
86283,25,Male,Chengdu,Silver,30,1944.19,Sports,Student,29,1,2023/7/26
85674,29,Male,Chengdu,Silver,21,2218.36,Clothing,Professional,19,1,2023/10/27
86066,33,Male,Shenzhen,Bronze,18,899.67,Home Goods,Professional,9,1,2023/8/10
86150,18,Female,Beijing,Platinum,178,44411.03,Home Goods,Student,26,1,2023/12/1
86473,29,Female,Shenzhen,Gold,70,18005.28,Clothing,Unemployed,16,1,2023/11/9
86193,20,Female,Hangzhou,Bronze,61,6387.47,Sports,Student,16,0,2023/10/16
85781,18,Male,Hangzhou,Gold,35,3749.68,Books,Student,10,1,2023/12/10
86382,60,Female,Chengdu,Gold,35,3838.45,Clothing,Self-Employed,12,1,2023/9/20
86308,50,Male,Guangzhou,Silver,21,2285.35,Clothing,Student,4,1,2023/9/30
85897,28,Male,Hangzhou,Gold,37,3267.35,Electronics,Professional,19,1,2023/7/9
86001,38,Male,Shanghai,Gold,42,4265.53,Electronics,Professional,11,0,2023/9/27
85776,20,Male,Shenzhen,Gold,28,1439.07,Electronics,Self-Employed,14,0,2023/9/7
86378,31,Male,Hangzhou,Bronze,18,650.79,Home Goods,Self-Employed,18,0,2023/11/11
86149,23,Male,Chengdu,Bronze,22,1073.52,Books,Professional,14,1,2023/12/9
85887,33,Female,Wuhan,Bronze,26,1064.5,Home Goods,Self-Employed,29,1,2023/4/13
85809,22,Female,Guangzhou,Gold,109,30562.56,Sports,Professional,12,1,2023/10/13
85920,25,Female,Chongqing,Gold,96,19070.04,Clothing,Professional,13,0,2023/12/3
86644,44,Male,Shenzhen,Bronze,6,221.81,Electronics,Student,13,0,2023/9/15
86565,59,Male,Beijing,Silver,43,3081.47,Sports,Unemployed,7,1,2023/10/20
86293,29,Female,Chengdu,Bronze,34,4191.91,Clothing,Student,27,1,2023/10/16
86489,31,Female,Shenzhen,Gold,54,6767.44,Sports,Professional,19,1,2023/10/21
86039,38,Female,Chengdu,Gold,44,3411.1,Clothing,Professional,7,1,2023/12/5
86486,23,Male,Chongqing,Gold,50,6194.16,Books,Professional,17,1,2023/10/22
85700,21,Female,Chengdu,Gold,79,9737.82,Home Goods,Professional,19,1,2023/12/16
86316,34,Female,Chengdu,Gold,48,3109.02,Home Goods,Unemployed,5,0,2023/9/25
86091,50,Male,Guangzhou,Platinum,39,4456.52,Sports,Professional,15,0,2023/11/1
86581,23,Male,Shenzhen,Bronze,25,1720.42,Electronics,Student,9,0,2023/9/19
86595,38,Female,Hangzhou,Silver,26,1597.69,Clothing,Unemployed,8,0,2023/12/23
85677,21,Female,Shenzhen,Bronze,57,4548.86,Clothing,Student,5,0,2024/1/1
85808,28,Male,Chengdu,Silver,31,2601.52,Electronics,Self-Employed,25,1,2023/12/18
86029,26,Male,Wuhan,Bronze,14,654.12,Home Goods,Professional,18,1,2023/11/29
86551,52,Male,Beijing,Silver,24,1157.81,Home Goods,Self-Employed,1,1,2023/4/22
86442,34,Male,Shenzhen,Silver,6,292.35,Books,Professional,14,0,2023/10/20
86510,21,Female,Shanghai,Silver,109,20902.35,Home Goods,Student,26,0,2023/10/11
86235,34,Female,Wuhan,Silver,39,5138.96,Home Goods,Student,29,1,2023/7/7
86566,18,Female,Wuhan,Silver,78,15593.55,Books,Self-Employed,9,1,2023/10/19
85899,66,Female,Shenzhen,Silver,37,4443.77,Sports,Professional,9,1,2023/9/9
86494,18,Female,Guangzhou,Silver,85,21171.34,Sports,Student,25,0,2023/10/18
86043,63,Male,Wuhan,Gold,11,480.54,Books,Professional,15,1,2023/4/14
86355,33,Male,Shanghai,Silver,32,3556.67,Books,Student,15,0,2023/2/10
86013,47,Female,Beijing,Silver,80,14973.41,Clothing,Professional,3,1,2023/11/21
86093,23,Male,Guangzhou,Gold,80,8640.8,Electronics,Professional,7,1,2023/7/10
86503,20,Female,Beijing,Gold,156,,Clothing,Self-Employed,21,1,2023/3/5
86625,27,Female,Wuhan,Gold,72,14096.94,Sports,Professional,24,1,2023/10/18
86128,22,Female,Wuhan,Silver,60,5910.99,Home Goods,Self-Employed,17,0,2023/9/21
85737,19,Female,Wuhan,Gold,102,24698.32,Sports,Student,22,1,2023/12/30
86433,25,Male,Shenzhen,Bronze,14,833.51,Books,Self-Employed,28,0,2023/12/10
86034,22,Female,Shenzhen,Silver,83,17059.66,Sports,Student,27,0,2023/11/21
85911,33,Female,Shenzhen,Bronze,37,1927.67,Sports,Self-Employed,12,1,2023/11/21
85786,64,Female,Chongqing,Gold,44,3216.74,Sports,Professional,4,1,2023/11/16
86314,23,Male,Chongqing,Gold,26,1893.28,Electronics,Unemployed,27,0,2023/11/29
86206,27,Female,Hangzhou,Gold,85,10783.7,Home Goods,Self-Employed,19,0,2023/7/21
85800,29,Male,Chongqing,Bronze,11,746.08,Electronics,Student,9,1,2023/9/8
85933,46,Male,Shanghai,Platinum,72,,Electronics,Student,8,0,2023/11/2
86416,29,Female,Chongqing,Gold,70,9115.7,Sports,Self-Employed,9,0,2023/3/9
86435,19,Male,Chengdu,Bronze,25,685.03,Electronics,Self-Employed,21,1,2023/12/20
85811,25,Male,Hangzhou,Bronze,14,881.12,Home Goods,Self-Employed,13,1,2023/1/6
85681,25,Female,Chengdu,Gold,92,19616.23,Clothing,Self-Employed,7,1,2023/4/30
86176,61,Female,Shenzhen,Silver,39,4787.33,Home Goods,Student,9,1,2023/12/24
86505,27,Male,Hangzhou,Gold,40,3299.17,Electronics,Unemployed,10,0,2023/11/18
86436,30,Female,Shenzhen,Silver,55,9729.84,Home Goods,Unemployed,11,0,2023/12/13
86525,32,Male,Beijing,Silver,13,1383.24,Clothing,Professional,9,0,2023/2/25
86081,24,Female,Guangzhou,Silver,118,36696.36,Clothing,Professional,12,0,2023/9/2
86366,31,Female,Guangzhou,Silver,69,15320.6,Electronics,Student,27,0,2023/12/15
86027,34,Female,Shanghai,Silver,68,5731.11,Clothing,Student,21,1,2023/7/27
85827,44,Male,Guangzhou,Silver,22,2738.21,Sports,Self-Employed,14,0,2023/11/7
86240,19,Male,Hangzhou,Bronze,10,601.84,Home Goods,Professional,25,0,2023/10/26
86216,54,Male,Wuhan,Bronze,6,126.83,Home Goods,Professional,14,0,2023/7/28
86017,29,Female,Shanghai,Gold,177,34325.1,Electronics,Student,28,1,2023/9/21
86561,18,Male,Hangzhou,Gold,39,4450.15,Books,Self-Employed,24,0,2023/10/28
86671,32,Female,Beijing,Platinum,127,45095.75,Clothing,Self-Employed,20,0,2023/12/23
86499,22,Female,Shenzhen,Bronze,56,4430.73,Electronics,Student,28,0,2023/11/3
85730,53,Male,Shenzhen,Bronze,10,,Electronics,Student,13,0,2023/8/23
86074,42,Female,Shanghai,Silver,84,16778.55,Books,Unemployed,5,0,2023/11/22
86246,56,Male,Chongqing,Gold,22,1233.16,Electronics,Unemployed,15,0,2023/9/25
86147,48,Female,Hangzhou,Silver,39,3610.76,Clothing,Self-Employed,7,0,2023/10/30
86142,24,Male,Beijing,Gold,87,12566.72,Clothing,Self-Employed,24,1,2023/12/2
86325,55,Female,Hangzhou,Silver,28,1673.23,Sports,Professional,4,0,2023/11/26
86343,23,Female,Hangzhou,Gold,94,19363.64,Clothing,Professional,14,1,2023/11/19
86178,56,Male,Chengdu,Silver,13,296.43,Sports,Self-Employed,2,0,2023/10/28
86574,43,Male,Shenzhen,Bronze,14,444.09,Home Goods,Professional,12,1,2023/11/20
86323,37,Female,Shenzhen,Bronze,22,1099.63,Sports,Self-Employed,9,1,2023/10/19
86605,36,Male,Hangzhou,Gold,8,527.56,Sports,Self-Employed,7,0,2023/4/17
85974,19,Female,Wuhan,Silver,66,12639.34,Home Goods,Professional,26,0,2023/10/26
86348,34,Female,Beijing,Platinum,118,22719.57,Home Goods,Professional,15,1,2023/12/5
86339,48,Female,Chengdu,Gold,52,7977.01,Books,Self-Employed,11,0,2023/2/15
86244,51,Female,Chengdu,Silver,48,5107.26,Books,Student,7,1,2023/9/26
85837,48,Female,Shanghai,Gold,73,17289.32,Electronics,Self-Employed,1,1,2023/2/3
86010,19,Male,Hangzhou,Bronze,10,288.16,Sports,Professional,27,1,2023/12/10
85733,32,Male,Chongqing,Silver,7,395.31,Home Goods,Student,12,0,2023/12/20
86495,25,Male,Wuhan,Silver,15,1386.26,Clothing,Professional,20,1,2023/12/22
86607,27,Female,Wuhan,Bronze,59,8553.1,Books,Self-Employed,12,0,2023/4/25
86164,19,Male,Shanghai,Silver,35,5879.84,Electronics,Professional,26,0,2023/12/25
86461,33,Male,Beijing,Silver,12,759.18,Electronics,Student,8,0,2023/2/1
86123,24,Male,Guangzhou,Silver,44,3424.53,Home Goods,Student,8,1,2023/9/23
86377,26,Female,Shanghai,Gold,165,54681.87,Clothing,Self-Employed,15,0,2023/11/28
86111,25,Male,Guangzhou,Platinum,46,10298.13,Clothing,Self-Employed,24,1,2023/9/30
86237,43,Male,Wuhan,Gold,16,802.86,Electronics,Unemployed,5,1,2023/11/14
86394,27,Male,Beijing,Platinum,40,7677.53,Sports,Self-Employed,27,1,2023/10/23
86564,45,Female,Chengdu,Bronze,32,1442.6,Sports,Unemployed,2,0,2023/11/8
85893,31,Male,Guangzhou,Gold,31,,Electronics,Professional,9,1,2023/11/14
86352,66,Female,Shenzhen,Gold,62,5871.81,Clothing,Self-Employed,12,0,2023/9/16
86260,35,Female,Hangzhou,Silver,32,1744.57,Home Goods,Student,8,0,2023/10/19
85956,29,Male,Guangzhou,Gold,48,11836.66,Electronics,Student,22,1,2023/7/21
86022,49,Female,Chongqing,Bronze,24,2157.16,Sports,Professional,15,0,2023/11/29
86360,18,Male,Chongqing,Bronze,8,542.85,Electronics,Self-Employed,15,0,2023/11/17
85678,21,Female,Wuhan,Silver,58,8033.48,Clothing,Self-Employed,16,0,2023/11/13
86669,21,Male,Beijing,Gold,90,,Books,Self-Employed,5,0,2023/12/3
86137,24,Male,Chongqing,Silver,10,1013.75,Sports,Student,26,1,2023/8/8
86450,53,Female,Hangzhou,Silver,41,3102.69,Home Goods,Unemployed,3,0,2023/12/21
86356,33,Male,Chengdu,Silver,23,1457.77,Books,Self-Employed,24,0,2023/11/9
86553,59,Female,Chengdu,Silver,46,3920.07,Electronics,Professional,4,0,2023/12/18
86191,27,Male,Wuhan,Bronze,26,951.64,Electronics,Unemployed,29,0,2023/2/1
86247,39,Female,Guangzhou,Gold,97,15750.38,Home Goods,Unemployed,6,1,2023/12/3
86467,62,Female,Wuhan,Silver,27,1298.26,Clothing,Self-Employed,9,0,2023/9/24
86567,19,Female,Hangzhou,Gold,101,14322.3,Electronics,Professional,19,0,2023/8/22
86208,56,Female,Shenzhen,Gold,40,3944.4,Books,Student,8,0,2023/3/20
86577,41,Female,Beijing,Platinum,97,31838.1,Electronics,Professional,9,0,2023/11/25
85950,30,Male,Hangzhou,Bronze,30,1474.54,Clothing,Self-Employed,18,1,2023/10/16
85958,28,Male,Shanghai,Gold,56,6851.02,Books,Professional,13,1,2023/9/6
86144,61,Female,Shenzhen,Bronze,36,2156.35,Home Goods,Unemployed,9,1,2023/4/22
86100,36,Male,Wuhan,Silver,17,1082.74,Electronics,Student,8,1,2023/7/17
85955,22,Male,Shanghai,Silver,48,8118.98,Electronics,Professional,19,1,2023/9/21
85794,44,Female,Beijing,Silver,87,9368.06,Clothing,Professional,4,0,2023/10/30
86267,26,Female,Shanghai,Silver,87,25686.11,Clothing,Student,9,1,2023/10/8
86655,48,Female,Shenzhen,Bronze,26,2397.88,Clothing,Professional,7,1,2023/12/24
85687,69,Female,Hangzhou,Gold,38,2909.37,Clothing,Self-Employed,8,1,2023/12/19
86329,30,Male,Chongqing,Bronze,27,2154.81,Electronics,Self-Employed,11,1,2023/4/5
86129,31,Male,Wuhan,Bronze,10,502.93,Electronics,Student,26,1,2023/11/14
86258,42,Female,Beijing,Gold,96,17294.88,Home Goods,Professional,13,0,2023/7/8
86629,27,Male,Chongqing,Silver,27,1738.07,Sports,Professional,26,0,2023/8/12
85834,50,Male,Chongqing,Gold,26,1651.6,Sports,Unemployed,1,0,2023/7/17
86651,36,Female,Chongqing,Bronze,35,2838.19,Home Goods,Self-Employed,15,0,2023/10/28
86647,34,Male,Shenzhen,Silver,18,937.04,Books,Professional,13,0,2023/10/21
86389,19,Male,Wuhan,Bronze,26,1637.76,Electronics,Student,30,0,2023/8/31
86418,19,Female,Chengdu,Bronze,32,4735.97,Sports,Professional,30,0,2023/11/27
85869,26,Male,Wuhan,Bronze,12,676.33,Electronics,Self-Employed,7,0,2023/10/15
85865,24,Male,Guangzhou,Gold,73,7148.02,Clothing,Student,18,0,2023/12/24
86302,28,Male,Chongqing,Silver,37,1379.29,Books,Professional,17,1,2023/11/6
86210,27,Female,Guangzhou,Silver,152,30189.51,Home Goods,Professional,17,0,2023/10/26
86554,62,Female,Beijing,Silver,74,17712.63,Books,Unemployed,1,1,2023/11/12
85838,31,Male,Shanghai,Silver,12,1314.64,Electronics,Student,18,1,2023/8/2
85780,23,Female,Chongqing,Silver,83,11635.04,Home Goods,Professional,14,0,2023/11/29
85690,23,Male,Chengdu,Bronze,7,202.64,Books,Unemployed,7,0,2023/10/15
86249,43,Female,Guangzhou,Platinum,111,30686.21,Home Goods,Self-Employed,1,1,2023/9/14
86599,33,Male,Beijing,Silver,20,1870.09,Electronics,Self-Employed,16,1,2023/9/28
86386,43,Female,Shenzhen,Gold,60,9776.71,Home Goods,Professional,7,1,2023/10/23
86214,34,Male,Chengdu,Silver,19,625.39,Books,Student,26,0,2023/12/2
86003,33,Male,Wuhan,Bronze,17,289.05,Electronics,Student,19,0,2023/4/26
86154,22,Female,Chengdu,Silver,64,13481.07,Home Goods,Professional,17,0,2023/10/29
86172,38,Male,Beijing,Platinum,34,5454.02,Home Goods,Unemployed,7,1,2023/10/6
86642,27,Male,Shenzhen,Silver,38,2867.6,Books,Self-Employed,14,0,2023/10/2
86079,34,Female,Shanghai,Gold,76,,Clothing,Student,15,1,2023/12/17
86417,31,Female,Shanghai,Gold,76,18319.65,Electronics,Student,13,0,2023/4/27
85767,33,Male,Chengdu,Bronze,14,595.97,Home Goods,Unemployed,9,1,2023/7/13
86107,33,Male,Guangzhou,Gold,58,8922.17,Electronics,Self-Employed,28,1,2023/11/6
85757,21,Male,Hangzhou,Gold,15,766.13,Home Goods,Student,18,0,2023/9/26
86517,22,Female,Shenzhen,Bronze,33,3468.95,Clothing,Self-Employed,10,0,2023/10/21
86588,30,Female,Shenzhen,Gold,72,8353.82,Home Goods,Self-Employed,8,1,2023/9/20
86331,22,Male,Chengdu,Gold,22,1722.48,Books,Professional,17,1,2023/11/18
86088,18,Male,Shanghai,Silver,23,2771.51,Books,Self-Employed,17,0,2023/8/14
86336,25,Male,Chengdu,Silver,33,1687.75,Home Goods,Student,9,0,2023/11/7
86652,60,Male,Chengdu,Silver,10,225.96,Home Goods,Professional,8,1,2023/3/30
86445,65,Female,Beijing,Gold,73,8941.73,Sports,Self-Employed,9,0,2023/9/21
86402,21,Male,Beijing,Gold,58,13060.25,Electronics,Student,9,0,2023/12/7
86585,19,Male,Guangzhou,Gold,63,12061.73,Clothing,Self-Employed,26,1,2023/12/6
86481,24,Female,Shanghai,Platinum,187,101707.81,Sports,Student,24,1,2023/12/13
85996,19,Female,Wuhan,Gold,72,11709.26,Books,Professional,26,1,2023/11/20
86230,69,Female,Hangzhou,Bronze,36,1801.47,Clothing,Unemployed,4,1,2023/12/20
86031,23,Female,Shanghai,Gold,153,58186.72,Home Goods,Student,10,1,2023/3/12
85743,43,Male,Chongqing,Silver,19,1088.67,Home Goods,Professional,12,1,2023/11/5
86188,40,Male,Chengdu,Silver,9,206.06,Electronics,Professional,12,0,2023/9/17
86183,18,Female,Hangzhou,Gold,78,8286.71,Electronics,Professional,11,0,2023/12/20
86014,24,Female,Guangzhou,Silver,124,29339.2,Electronics,Student,30,1,2023/10/13
85895,34,Male,Shanghai,Gold,42,4569.12,Electronics,Student,21,0,2023/11/19
86602,53,Male,Chongqing,Bronze,5,130.81,Books,Self-Employed,14,0,2023/10/8
85820,65,Male,Shenzhen,Gold,23,1269.17,Electronics,Student,12,1,2023/9/29
85963,65,Female,Hangzhou,Silver,49,4816.33,Home Goods,Student,9,0,2023/8/1
85703,25,Female,Wuhan,Gold,76,13413.46,Clothing,Student,10,0,2023/9/15
85788,49,Female,Chengdu,Silver,37,3009.66,Clothing,Professional,2,1,2023/11/4
86182,23,Male,Chongqing,Bronze,11,305.29,Electronics,Self-Employed,24,0,2023/1/19
86484,31,Male,Shanghai,Gold,55,7194.55,Books,Student,29,1,2023/10/30
86646,20,Male,Beijing,Gold,78,18223.38,Sports,Professional,16,0,2023/3/6
85850,53,Female,Guangzhou,Platinum,99,31628.14,Electronics,Professional,4,0,2023/8/10
85842,60,Female,Shenzhen,Bronze,24,1112.94,Clothing,Self-Employed,5,1,2023/12/22
86021,20,Male,Wuhan,Bronze,18,1407.15,Electronics,Self-Employed,16,0,2023/12/6
86050,43,Male,Hangzhou,Silver,16,1064.45,Sports,Professional,7,1,2023/9/23
86438,38,Female,Chengdu,Gold,39,4971.03,Books,Student,10,0,2023/9/12
86545,28,Female,Hangzhou,Silver,68,7325.05,Books,Student,5,1,2023/9/16
86563,35,Female,Beijing,Platinum,113,31442.61,Home Goods,Unemployed,15,0,2023/8/13
86446,43,Male,Guangzhou,Gold,54,4197.18,Sports,Student,7,1,2023/8/10
85863,39,Male,Shenzhen,Silver,6,159.18,Books,Self-Employed,5,1,2023/7/11
85810,50,Female,Shenzhen,Gold,64,4954.69,Electronics,Student,12,0,2023/11/8
86120,25,Male,Chengdu,Silver,29,1500.21,Electronics,Professional,15,0,2023/12/5
86513,21,Female,Chengdu,Bronze,50,7788.89,Clothing,Professional,13,0,2023/4/21
85928,21,Male,Shanghai,Silver,29,3060.9,Electronics,Self-Employed,14,1,2023/10/12
86555,30,Male,Chongqing,Gold,45,2461.27,Clothing,Self-Employed,25,1,2023/9/23
85964,32,Male,Chengdu,Gold,11,728.63,Electronics,Professional,5,1,2023/11/11
86615,31,Female,Hangzhou,Silver,48,2654.72,Clothing,Self-Employed,20,1,2023/12/13
86628,19,Male,Beijing,Gold,36,7437.62,Sports,Self-Employed,5,0,2023/11/23
85906,26,Female,Chengdu,Bronze,55,4785.25,Electronics,Student,30,0,2023/7/20
86319,24,Male,Hangzhou,Gold,,4438.5,Electronics,Student,7,0,2023/8/26
85707,29,Female,Chongqing,Gold,89,21183.02,Home Goods,Self-Employed,27,1,2023/10/22
85762,31,Female,Hangzhou,Bronze,35,1751.86,Home Goods,Professional,27,1,2023/10/19
85718,53,Female,Shanghai,Platinum,84,17833.95,Electronics,Professional,5,1,2023/12/12
86015,33,Female,Shanghai,Gold,63,17321.45,Books,Professional,11,1,2023/11/22
85735,31,Female,Beijing,Platinum,109,17091.63,Home Goods,Professional,27,1,2023/9/26
86627,25,Male,Wuhan,Gold,48,,Electronics,Self-Employed,22,1,2023/10/28
85873,29,Male,Shenzhen,Silver,22,1120.23,Books,Unemployed,15,1,2023/7/20
86103,52,Female,Hangzhou,Silver,44,5543.55,Books,Professional,1,0,2023/11/4
86421,23,Female,Guangzhou,Silver,113,32117.18,Sports,Self-Employed,16,1,2023/9/24
86068,41,Female,Wuhan,Bronze,32,2708.56,Sports,Self-Employed,2,1,2023/10/12
86404,36,Male,Shenzhen,Bronze,4,89.28,Home Goods,Unemployed,8,0,2023/10/26
85971,26,Female,Chongqing,Gold,98,11074,Home Goods,Professional,9,0,2023/12/30
85747,66,Male,Wuhan,Silver,6,268.23,Sports,Self-Employed,13,0,2023/12/17
86067,56,Female,Chengdu,Gold,59,6638.84,Electronics,Student,12,0,2023/3/15
86221,18,Male,Beijing,Gold,85,,Clothing,Self-Employed,16,0,2023/8/2
86253,21,Female,Wuhan,Silver,45,4601.44,Clothing,Student,18,0,2023/12/21
86215,26,Male,Shanghai,Platinum,67,16268.96,Clothing,Self-Employed,24,1,2023/9/22
86528,45,Male,Chengdu,Gold,16,1300.57,Electronics,Professional,2,1,2023/7/18
86507,64,Female,Shenzhen,Gold,42,3652.98,Electronics,Student,3,1,2023/8/31
86514,39,Female,Beijing,Gold,100,27555.26,Books,Student,11,1,2023/10/6
86337,51,Female,Guangzhou,Gold,81,11613.51,Sports,Student,14,1,2023/11/3
85891,49,Female,Chengdu,Gold,53,4102.83,Electronics,Self-Employed,14,0,2023/12/6
86213,21,Male,Hangzhou,Silver,14,1059.02,Home Goods,Professional,13,1,2023/9/30
86502,21,Male,Wuhan,Silver,13,843.64,Books,Unemployed,17,0,2023/12/27
86297,27,Male,Shanghai,Platinum,111,14998.73,Sports,Professional,12,0,2023/9/27
86342,19,Male,Shenzhen,Silver,36,,Electronics,Self-Employed,22,0,2023/10/1
86498,30,Male,Shanghai,Silver,46,8378.21,Electronics,Self-Employed,20,0,2023/9/4
86095,57,Male,Hangzhou,Gold,8,321.82,Electronics,Student,6,0,2023/11/2
86368,27,Female,Hangzhou,Bronze,37,4061.22,Home Goods,Student,6,0,2023/10/23
85812,48,Male,Chongqing,Bronze,7,213.33,Home Goods,Unemployed,15,0,2023/10/28
85886,28,Male,Guangzhou,Silver,42,3292.6,Electronics,Unemployed,19,0,2023/11/9
86290,52,Male,Hangzhou,Bronze,17,636.64,Sports,Professional,5,1,2023/9/16
86516,25,Female,Chengdu,Bronze,53,4297.78,Clothing,Professional,25,0,2023/3/29
86512,46,Male,Guangzhou,Silver,42,5233.41,Electronics,Self-Employed,5,1,2023/7/31
86540,44,Female,Guangzhou,Platinum,86,27412.11,Sports,Professional,7,1,2023/9/22
86401,27,Male,Wuhan,Gold,33,3221.58,Books,Student,16,0,2023/7/27
86639,26,Male,Chongqing,Silver,23,2185.2,Clothing,Professional,27,1,2023/10/29
86375,22,Female,Shenzhen,Gold,72,14325.62,Electronics,Professional,10,0,2023/11/29
86400,36,Male,Hangzhou,Bronze,7,133.88,Sports,Student,13,0,2023/11/18
86591,34,Male,Hangzhou,Gold,14,762,Electronics,Self-Employed,13,0,2024/1/1
86390,39,Female,Hangzhou,Bronze,28,2497.17,Home Goods,Student,10,0,2023/10/30
85908,46,Female,Chengdu,Bronze,30,2090.52,Clothing,Student,4,0,2023/8/6
85741,31,Male,Shenzhen,Gold,22,1036.32,Electronics,Student,9,1,2023/9/9
85698,40,Male,Wuhan,Bronze,10,278.03,Electronics,Professional,13,0,2023/11/9
86055,29,Female,Shenzhen,Bronze,33,2355.03,Clothing,Unemployed,28,1,2023/11/29
85890,19,Female,Shenzhen,Bronze,34,2193.38,Clothing,Professional,26,1,2023/12/6
86409,27,Female,Hangzhou,Bronze,53,6622.29,Electronics,Professional,16,0,2023/12/20
85803,26,Female,Shenzhen,Bronze,59,5710.05,Home Goods,Self-Employed,10,0,2023/12/4
86023,21,Male,Beijing,Platinum,93,20163.3,Electronics,Unemployed,27,1,2023/11/16
85785,30,Male,Wuhan,Bronze,10,388.38,Home Goods,Student,14,0,2023/7/24
85840,30,Female,Chongqing,Gold,74,19268.12,Home Goods,Professional,20,0,2023/8/13
85881,28,Male,Guangzhou,Platinum,90,24875.34,Electronics,Self-Employed,11,1,2023/12/5
86112,22,Female,Shenzhen,Gold,67,7038.96,Clothing,Self-Employed,5,0,2023/9/18
86226,30,Female,Shenzhen,Gold,94,23698.81,Home Goods,Self-Employed,8,0,2023/10/6
85948,26,Male,Guangzhou,Platinum,84,17698.85,Electronics,Self-Employed,17,1,2023/12/4
86648,34,Female,Guangzhou,Silver,49,11146.69,Sports,Self-Employed,8,0,2023/1/12
86265,35,Female,Beijing,Platinum,102,32219.94,Electronics,Self-Employed,12,1,2023/10/24
86474,29,Male,Chongqing,Gold,28,3533.34,Sports,Unemployed,29,1,2023/8/6
86611,58,Male,Shanghai,Gold,43,3248.9,Home Goods,Student,7,0,2023/10/25
86199,31,Female,Chengdu,Gold,40,4587.65,Electronics,Self-Employed,23,0,2023/12/6
85961,57,Male,Beijing,Platinum,39,2624.36,Sports,Professional,15,0,2023/11/6
86143,27,Male,Shanghai,Gold,46,8482.69,Sports,Self-Employed,24,0,2023/10/23
86000,44,Male,Beijing,Platinum,34,5232.56,Clothing,Professional,7,0,2023/12/30
85795,22,Male,Chongqing,Bronze,21,1018.92,Electronics,Student,25,0,2023/12/9
86668,29,Male,Chongqing,Gold,32,3141.22,Electronics,Self-Employed,14,0,2023/12/21
86181,46,Male,Shanghai,Gold,33,2847.57,Electronics,Self-Employed,6,1,2023/3/29
85902,19,Female,Wuhan,Gold,52,11541.15,Electronics,Student,27,1,2023/11/20
86347,32,Male,Shenzhen,Bronze,9,441.99,Sports,Self-Employed,16,0,2023/12/25
86269,29,Female,Chengdu,Gold,75,15013.52,Clothing,Professional,23,1,2023/9/9
86119,22,Female,Shenzhen,Bronze,40,5556.15,Clothing,Self-Employed,17,1,2023/1/30
85791,36,Female,Shenzhen,Bronze,31,3086.51,Home Goods,Student,7,0,2023/8/5
86138,19,Male,Wuhan,Silver,,1037.6,Clothing,Student,15,0,2023/11/3
85699,20,Male,Shanghai,Gold,63,8266.42,Clothing,Self-Employed,28,1,2023/12/13
85784,51,Female,Shenzhen,Bronze,28,1931.15,Sports,Professional,1,0,2023/10/26
85823,24,Female,Guangzhou,Platinum,204,109341.17,Electronics,Self-Employed,8,1,2023/9/29
85826,24,Female,Guangzhou,Gold,121,59196.62,Home Goods,Professional,26,0,2023/10/14
86202,23,Female,Chongqing,Silver,50,3779.54,Clothing,Student,5,1,2023/12/25
86370,26,Male,Shanghai,Silver,60,10330.34,Sports,Student,22,0,2023/10/3
86295,38,Female,Shenzhen,Silver,46,5548.83,Sports,Self-Employed,1,0,2023/10/20
86135,49,Male,Guangzhou,Platinum,28,4844.3,Electronics,Professional,11,1,2023/12/7
86272,61,Female,Shenzhen,Silver,41,2909.09,Clothing,Self-Employed,12,0,2023/7/25
85813,28,Male,Chengdu,Gold,14,1668.08,Sports,Student,29,1,2023/9/27
86423,51,Male,Beijing,Silver,31,3734.59,Books,Student,13,0,2023/7/1
85934,25,Female,Shenzhen,Bronze,42,,Home Goods,Self-Employed,20,0,2023/11/9
86635,54,Female,Chongqing,Silver,27,1280.33,Home Goods,Unemployed,5,1,2023/9/6
85997,50,Female,Wuhan,Silver,46,4429.45,Books,Unemployed,2,1,2023/9/13
86571,54,Female,Beijing,Silver,91,19897.45,Clothing,Student,7,1,2023/8/18
85922,24,Male,Hangzhou,Silver,38,3796.71,Clothing,Professional,23,0,2023/1/28
86124,45,Male,Shanghai,Gold,43,3926.47,Sports,Professional,13,1,2023/9/14
86084,24,Male,Shenzhen,Gold,29,2667.18,Books,Professional,6,1,2024/1/1
86281,60,Male,Shenzhen,Silver,21,1362.25,Home Goods,Self-Employed,5,0,2023/9/7
85693,19,Male,Beijing,Silver,72,11192.43,Books,Unemployed,10,1,2023/4/11
86002,30,Female,Chongqing,Bronze,47,2811.33,Clothing,Student,22,0,2023/12/2
85970,39,Male,Hangzhou,Bronze,18,906.23,Clothing,Student,1,0,2023/3/12
85943,50,Female,Chongqing,Gold,56,3522.26,Sports,Student,4,0,2023/12/4
85900,22,Male,Chongqing,Silver,18,1871.7,Electronics,Professional,24,1,2023/9/24
85768,20,Male,Chengdu,Gold,40,1935.63,Electronics,Self-Employed,24,0,2023/12/9
86189,54,Female,Shanghai,Silver,82,7190.88,Home Goods,Student,3,0,2023/2/16
86515,22,Male,Wuhan,Bronze,23,1559.77,Sports,Self-Employed,29,1,2023/8/25
86311,42,Male,Hangzhou,Bronze,16,595.83,Home Goods,Professional,5,1,2023/3/27
85954,20,Female,Beijing,Silver,87,35457.75,Home Goods,Self-Employed,13,1,2023/8/10
85960,35,Male,Hangzhou,Gold,10,573.9,Electronics,Professional,14,0,2023/8/27
86263,54,Female,Wuhan,Bronze,25,2498.97,Clothing,Student,12,1,2023/8/20
86604,44,Male,Guangzhou,Platinum,27,4399.67,Home Goods,Student,9,1,2023/11/15
86118,31,Female,Shanghai,Gold,,29662.99,Home Goods,Self-Employed,16,1,2023/12/13
85858,51,Male,Chongqing,Silver,22,1339.95,Electronics,Unemployed,4,0,2023/8/26
86045,50,Male,Chongqing,Silver,8,302.19,Electronics,Student,3,1,2023/8/12
86546,27,Female,Shenzhen,Gold,68,8474.15,Clothing,Student,29,1,2023/10/22
86650,50,Female,Chengdu,Silver,40,3158.74,Home Goods,Professional,4,0,2023/9/25
85949,50,Male,Chengdu,Silver,16,892.66,Electronics,Student,6,1,2023/9/18
86480,54,Male,Shanghai,Silver,25,2321.98,Electronics,Unemployed,7,1,2023/11/22
86609,31,Male,Beijing,Silver,31,3825.07,Electronics,Student,12,0,2023/9/7
85856,65,Male,Wuhan,Gold,12,823.38,Electronics,Professional,6,0,2023/4/8
85706,51,Male,Wuhan,Gold,18,1484.53,Clothing,Professional,7,0,2023/8/7
85754,50,Female,Chongqing,Silver,27,3522.98,Clothing,Self-Employed,12,0,2023/9/23
85981,26,Female,Guangzhou,Silver,130,24143.89,Electronics,Professional,9,1,2023/11/26
86444,32,Male,Shenzhen,Bronze,10,276.58,Home Goods,Professional,27,0,2023/7/4
85685,35,Female,Beijing,Gold,117,36282.84,Clothing,Unemployed,10,0,2023/7/16
85717,27,Female,Beijing,Gold,112,46504.35,Home Goods,Student,17,1,2023/7/15
85760,48,Male,Chengdu,Silver,22,1114.91,Home Goods,Unemployed,8,0,2023/11/8
86452,23,Male,Beijing,Platinum,55,9204.42,Electronics,Self-Employed,12,1,2023/12/5
85710,59,Male,Hangzhou,Gold,23,846.71,Clothing,Student,7,0,2023/8/3
86654,54,Female,Chengdu,Bronze,25,2050.94,Electronics,Self-Employed,7,0,2023/3/3
85732,33,Male,Chengdu,Bronze,12,497.79,Home Goods,Student,6,0,2023/10/4
85715,28,Female,Wuhan,Bronze,32,3095.2,Home Goods,Unemployed,25,1,2023/11/12
86456,43,Female,Chengdu,Gold,32,5103.23,Clothing,Self-Employed,5,1,2023/8/20
86085,24,Female,Hangzhou,Bronze,60,9435.34,Sports,Self-Employed,13,0,2023/9/10
86236,33,Female,Shenzhen,Bronze,36,1330.5,Clothing,Professional,17,0,2023/7/19
85883,19,Female,Guangzhou,Silver,126,29415.91,Electronics,Student,8,1,2023/8/1
85822,51,Female,Chongqing,Gold,39,2209.28,Electronics,Professional,1,0,2023/12/6
86413,37,Female,Shenzhen,Gold,38,6006.11,Clothing,Student,14,0,2023/10/12
86268,26,Female,Shenzhen,Silver,48,6958.33,Home Goods,Student,30,1,2023/8/16
85797,25,Female,Guangzhou,Silver,81,23952.61,Sports,Self-Employed,16,1,2023/12/27
86408,18,Male,Wuhan,Gold,29,3701.59,Sports,Self-Employed,5,0,2023/12/7
86248,32,Female,Wuhan,Bronze,19,1761.32,Clothing,Professional,28,1,2023/1/11
85772,20,Female,Beijing,Platinum,195,56756.21,Clothing,Student,13,0,2023/1/11
86051,50,Female,Chongqing,Silver,39,5209.95,Home Goods,Unemployed,9,1,2023/12/29
85804,43,Female,Shanghai,Platinum,88,25483.19,Clothing,Self-Employed,15,1,2023/10/22
86373,28,Male,Hangzhou,Gold,36,3108.16,Books,Student,6,1,2023/10/28
85697,56,Male,Beijing,Silver,16,1537.25,Electronics,Professional,5,0,2023/10/28
86543,44,Male,Chengdu,Bronze,,739.54,Home Goods,Self-Employed,2,0,2023/9/20
86229,34,Male,Beijing,Silver,18,1800.91,Sports,Professional,16,1,2023/2/19
86044,30,Female,Guangzhou,Platinum,172,97346.02,Books,Professional,6,1,2023/12/10
86186,50,Female,Shanghai,Silver,72,16416.35,Home Goods,Self-Employed,10,0,2023/12/24
86057,21,Female,Chongqing,Bronze,45,,Home Goods,Professional,15,0,2023/7/9
85875,35,Male,Chongqing,Silver,13,378.42,Home Goods,Self-Employed,11,0,2023/11/9
86042,44,Female,Hangzhou,Bronze,36,1856.09,Home Goods,Student,4,1,2023/11/10
86228,52,Male,Chongqing,Bronze,12,572.21,Sports,Self-Employed,7,0,2023/10/13
86284,38,Male,Hangzhou,Gold,8,625.09,Books,Self-Employed,12,0,2023/11/29
86061,29,Female,Guangzhou,Gold,129,61907.91,Clothing,Self-Employed,23,1,2023/10/29
86535,19,Male,Chengdu,Bronze,19,1133.16,Clothing,Self-Employed,13,0,2023/11/25
86490,49,Male,Shanghai,Silver,27,2902.46,Clothing,Self-Employed,4,1,2023/11/18
85966,33,Female,Shanghai,Platinum,88,19438,Clothing,Professional,25,0,2023/9/12
86364,43,Female,Beijing,Silver,56,10173.93,Books,Self-Employed,5,1,2023/8/29
85930,19,Male,Chengdu,Bronze,22,1597.56,Electronics,Unemployed,5,0,2023/8/30
86280,41,Male,Shenzhen,Bronze,18,395.97,Electronics,Student,8,1,2023/12/6
85871,63,Female,Shanghai,Gold,,27739.99,Electronics,Professional,10,0,2023/8/26
85769,38,Male,Chongqing,Silver,16,650.46,Electronics,Self-Employed,8,0,2023/9/19
86636,33,Male,Chongqing,Silver,14,497.89,Sports,Professional,29,0,2023/9/22
86617,33,Male,Shenzhen,Bronze,10,374.58,Books,Student,11,1,2023/12/25
85843,39,Female,Shenzhen,Gold,57,8693,Electronics,Professional,3,1,2023/10/21
86255,28,Male,Beijing,Platinum,84,18546.3,Clothing,Professional,18,1,2023/11/21
85979,46,Male,Beijing,Silver,13,1063.65,Electronics,Unemployed,10,1,2023/10/14
86234,42,Male,Wuhan,Gold,18,1336.33,Electronics,Self-Employed,15,0,2023/9/6
86527,18,Female,Guangzhou,Platinum,140,71569.09,Home Goods,Self-Employed,20,1,2023/8/26
86047,28,Male,Chengdu,Gold,23,2980.57,Electronics,Professional,13,0,2023/8/19
86393,63,Female,Wuhan,Silver,45,,Electronics,Self-Employed,9,0,2023/2/2
86465,34,Male,Chongqing,Gold,8,557.79,Home Goods,Self-Employed,27,1,2023/11/2
85901,60,Female,Guangzhou,Gold,91,26817.44,Electronics,Self-Employed,4,1,2023/12/2
86334,51,Female,Chongqing,Bronze,24,1047.3,Books,Student,4,1,2023/7/1
85817,30,Female,Guangzhou,Silver,120,29367.54,Home Goods,Professional,24,1,2023/12/9
86520,33,Female,Hangzhou,Gold,63,4978.07,Electronics,Self-Employed,30,0,2023/12/8
85854,18,Male,Beijing,Gold,60,14130,Sports,Unemployed,27,0,2023/11/1
86542,26,Female,Shanghai,Gold,97,49189.3,Home Goods,Self-Employed,16,1,2023/2/5
85805,29,Male,Chengdu,Bronze,20,1082.93,Sports,Professional,29,1,2023/7/21
86623,26,Female,Wuhan,Silver,46,8447.12,Clothing,Professional,11,1,2023/11/24
85721,53,Female,Shenzhen,Bronze,29,1898.35,Clothing,Professional,5,1,2023/11/10
86448,33,Male,Chongqing,Gold,10,402.36,Sports,Student,28,1,2023/9/4
85998,34,Male,Chengdu,Silver,8,191.38,Electronics,Professional,21,1,2023/12/24
85877,27,Male,Beijing,Silver,76,5245.73,Clothing,Unemployed,30,1,2023/11/20
85758,25,Female,Wuhan,Silver,80,16494.47,Electronics,Self-Employed,13,1,2023/9/2
86307,36,Female,Beijing,Silver,52,7081.6,Home Goods,Self-Employed,2,1,2023/11/7
86239,43,Male,Beijing,Platinum,54,8020.95,Books,Professional,7,0,2023/11/7
86285,19,Female,Guangzhou,Gold,165,48000.62,Books,Professional,7,1,2023/10/6
86072,42,Female,Chengdu,Silver,49,5242.42,Electronics,Student,15,1,2023/12/31
86570,32,Male,Hangzhou,Silver,11,360.43,Books,Self-Employed,10,1,2023/10/2
85765,29,Male,Hangzhou,Silver,34,2341.49,Electronics,Student,27,1,2023/9/19
85756,55,Male,Shenzhen,Bronze,18,571.18,Sports,Unemployed,15,0,2023/11/8
86104,19,Male,Wuhan,Gold,33,1840.28,Home Goods,Self-Employed,13,0,2023/12/12
86453,18,Female,Beijing,Platinum,,87438.63,Clothing,Unemployed,6,0,2023/8/9
85793,31,Female,Guangzhou,Silver,67,15282.48,Clothing,Professional,10,0,2023/9/18
86544,20,Male,Wuhan,Gold,13,684.11,Electronics,Professional,26,0,2023/11/24
85965,19,Female,Beijing,Gold,195,89879.76,Books,Professional,23,1,2023/11/6
85731,27,Female,Hangzhou,Gold,53,9041.88,Home Goods,Student,23,1,2023/12/6
85995,21,Female,Guangzhou,Gold,99,38824.06,Clothing,Unemployed,24,0,2023/8/2
85931,42,Female,Hangzhou,Silver,42,4487.85,Books,Self-Employed,7,1,2023/8/6
86562,66,Female,Chengdu,Silver,31,2136.07,Sports,Professional,12,0,2023/9/5
86621,28,Female,Shanghai,Gold,112,39468.66,Books,Student,7,0,2023/8/13
86116,27,Male,Hangzhou,Bronze,13,609.51,Electronics,Self-Employed,5,0,2023/1/11
85716,31,Female,Guangzhou,Platinum,81,13031.7,Home Goods,Self-Employed,20,0,2023/9/10
86291,23,Female,Chongqing,Silver,69,5470.94,Clothing,Professional,16,0,2023/8/22
86062,31,Female,Hangzhou,Silver,31,3848.89,Clothing,Student,12,1,2023/11/7
86009,20,Male,Shenzhen,Bronze,21,1192.37,Electronics,Self-Employed,9,1,2023/10/22
85947,59,Female,Guangzhou,Platinum,113,40881.87,Electronics,Professional,9,0,2023/7/10
86430,24,Female,Shenzhen,Bronze,44,4937.75,Home Goods,Professional,14,1,2023/11/8
86162,25,Female,Hangzhou,Silver,54,9274.67,Electronics,Student,18,1,2023/12/2
86224,28,Female,Guangzhou,Gold,119,55579.93,Electronics,Professional,20,0,2023/3/26
86575,47,Female,Shenzhen,Gold,33,,Home Goods,Professional,15,0,2023/8/28
85727,43,Male,Hangzhou,Bronze,6,199.57,Electronics,Student,9,1,2023/12/22
86606,21,Female,Hangzhou,Gold,102,11666.2,Electronics,Professional,5,1,2023/12/22
86610,23,Female,Chengdu,Silver,47,5721.17,Sports,Professional,11,0,2023/9/21
85802,45,Male,Shanghai,Silver,40,3333.02,Books,Professional,4,1,2023/12/19
86476,23,Male,Chongqing,Silver,40,3031.61,Electronics,Professional,15,0,2023/11/7
85702,19,Female,Chongqing,Gold,81,10239.84,Home Goods,Unemployed,21,0,2023/11/19
85857,32,Female,Chongqing,Silver,35,2235.11,Clothing,Professional,5,0,2023/9/23
86556,29,Female,Wuhan,Bronze,60,6794.16,Home Goods,Professional,28,1,2023/11/21
86133,20,Male,Wuhan,Silver,32,2730.13,Electronics,Student,17,1,2023/4/24
86184,22,Female,Guangzhou,Platinum,117,48307.33,Electronics,Self-Employed,8,1,2023/9/11
86349,35,Male,Hangzhou,Silver,17,444.53,Electronics,Student,3,0,2023/9/6
85825,23,Female,Wuhan,Silver,58,10659.27,Home Goods,Self-Employed,22,1,2023/12/8
85918,26,Male,Chongqing,Gold,49,5890.31,Electronics,Student,9,1,2023/11/7
86388,51,Male,Beijing,Platinum,41,2678.38,Clothing,Student,11,0,2023/9/18
86217,19,Male,Beijing,Gold,92,12126.41,Books,Professional,25,1,2023/3/17
86218,46,Female,Wuhan,Gold,59,9838.23,Books,Student,15,0,2023/8/20
86313,47,Female,Wuhan,Bronze,31,2335.67,Clothing,Professional,7,0,2023/12/13
86371,19,Female,Chongqing,Silver,80,15106.99,Home Goods,Self-Employed,12,0,2023/12/16
85939,28,Female,Chengdu,Gold,58,9210.06,Clothing,Professional,15,0,2023/11/28
85962,45,Female,Chongqing,Silver,41,4196.02,Sports,Student,15,1,2023/7/21
86097,29,Male,Guangzhou,Silver,31,5244.6,Home Goods,Student,7,0,2023/9/7
86584,24,Female,Wuhan,Bronze,50,6949.69,Home Goods,Self-Employed,16,0,2023/12/28
85821,32,Female,Chongqing,Gold,47,5154.9,Home Goods,Professional,10,1,2023/9/24
86333,25,Female,Shenzhen,Silver,62,5536.39,Clothing,Student,17,1,2023/11/20
86471,46,Male,Chengdu,Bronze,7,339.17,Electronics,Self-Employed,5,1,2023/10/11
86640,25,Female,Shanghai,Silver,152,37116.64,Electronics,Unemployed,20,1,2023/12/6
85851,21,Female,Guangzhou,Gold,99,26568.83,Home Goods,Self-Employed,24,1,2023/7/12
85773,39,Female,Guangzhou,Silver,61,6825.67,Sports,Professional,9,1,2023/11/6
86524,31,Male,Wuhan,Bronze,16,,Sports,Student,29,1,2023/7/30
86122,50,Female,Beijing,Silver,68,5996.46,Home Goods,Student,13,1,2023/12/18
86105,18,Female,Guangzhou,Silver,140,40731.97,Clothing,Student,28,1,2023/12/13
86521,27,Male,Guangzhou,Silver,50,9189.67,Electronics,Student,9,0,2023/9/5
86383,19,Female,Wuhan,Gold,80,9613.44,Sports,Unemployed,14,0,2023/11/22
86429,21,Male,Shanghai,Silver,21,3629.57,Books,Student,9,0,2023/7/18
85789,58,Female,Chengdu,Bronze,22,1818.42,Sports,Professional,11,1,2023/10/1
86590,44,Female,Hangzhou,Silver,30,2390.9,Books,Student,13,0,2023/9/21
86451,65,Male,Shenzhen,Silver,7,278.25,Books,Self-Employed,5,1,2023/10/11
85746,28,Male,Wuhan,Gold,39,2517.89,Home Goods,Self-Employed,5,1,2023/12/4
86519,51,Female,Shanghai,Platinum,117,28556.91,Electronics,Professional,7,1,2023/8/10
86211,34,Female,Chengdu,Bronze,29,2275.47,Home Goods,Student,30,1,2023/12/21
86351,35,Female,Chengdu,Silver,35,2485.39,Sports,Student,1,0,2023/8/16
86523,43,Female,Chengdu,Bronze,26,2294.24,Home Goods,Unemployed,7,1,2023/10/8
86657,35,Female,Shenzhen,Silver,33,4038.71,Home Goods,Self-Employed,12,1,2023/12/29
85848,33,Male,Beijing,Platinum,36,6519.9,Clothing,Self-Employed,20,0,2023/8/6
85761,21,Female,Chengdu,Bronze,45,4850.3,Home Goods,Unemployed,29,0,2023/11/18
86225,46,Male,Shanghai,Silver,21,1224.59,Clothing,Student,15,1,2023/8/10
86160,22,Female,Shanghai,Platinum,169,40696.54,Home Goods,Self-Employed,29,0,2023/8/9
86379,27,Female,Shanghai,Gold,104,33383.44,Home Goods,Self-Employed,10,1,2023/10/2
85988,26,Female,Chongqing,Gold,79,7478.92,Electronics,Self-Employed,18,1,2023/12/2
86070,59,Male,Chongqing,Bronze,12,,Home Goods,Self-Employed,5,1,2023/7/12
86274,37,Female,Wuhan,Silver,26,1827.43,Sports,Professional,14,1,2024/1/1
86146,19,Female,Hangzhou,Bronze,60,6903.2,Clothing,Unemployed,12,1,2023/11/26
85744,30,Male,Chengdu,Gold,50,4919.67,Books,Professional,12,0,2023/8/22
86273,21,Male,Shanghai,Gold,68,7710.13,Clothing,Professional,21,1,2023/12/16
86478,39,Female,Guangzhou,Silver,54,,Books,Self-Employed,3,1,2023/12/14
86428,44,Female,Beijing,Gold,106,16675.51,Electronics,Student,4,1,2023/12/4
85951,44,Female,Guangzhou,Gold,67,12495.54,Home Goods,Unemployed,11,1,2023/11/3
86397,31,Female,Beijing,Gold,91,13690.55,Home Goods,Unemployed,18,1,2023/9/23
85683,33,Male,Hangzhou,Silver,,657.54,Electronics,Self-Employed,13,1,2023/11/14
86033,68,Male,Wuhan,Gold,13,,Sports,Student,8,1,2023/9/9
86381,34,Female,Wuhan,Bronze,,1499.49,Electronics,Student,9,0,2023/12/12
86437,19,Male,Chengdu,Bronze,25,2033.83,Sports,Student,25,1,2023/7/26
86509,44,Male,Wuhan,Bronze,12,234.2,Sports,Unemployed,1,1,2023/11/14
85866,23,Male,Beijing,Platinum,43,11465.84,Sports,Self-Employed,25,0,2023/10/5
86303,40,Male,Chongqing,Bronze,8,256.69,Electronics,Student,15,1,2023/4/3
86233,38,Male,Wuhan,Silver,24,1209.89,Home Goods,Self-Employed,3,1,2023/12/20
86358,28,Female,Beijing,Silver,97,28031.94,Clothing,Professional,28,0,2023/10/7
